artist,auth,firstName,gender,itemInSession,lastName,length,level,location,method,page,registration,sessionId,song,status,ts,userAgent,userId
The Postal Service,Logged In,Landan,M,43,Thompson,266.47465,paid,"Denver-Aurora-Lakewood, CO",PUT,NextSong,1507118210284,7006,Such Great Heights,200,1513844004284,"\"Mozilla/5.0 (Macintosh; Intel Mac OS X 10_9_4) AppleWebKit/537.36 (KHTML, like Gecko) Chrome/36.0.1985.125 Safari/537.36\"",649
Jan Delay,Logged In,Jason,M,1,Avila,295.44444,free,"New York-Newark-Jersey City, NY-NJ-PA",PUT,NextSong,1507366707284,6537,Klar,200,1513844019284,"\"Mozilla/5.0 (Windows NT 6.1; WOW64) AppleWebKit/537.36 (KHTML, like Gecko) Chrome/36.0.1985.143 Safari/537.36\"",926
Justice,Logged In,Olivia,F,3,Hoffman,236.12036,paid,"Detroit-Warren-Dearborn, MI",PUT,NextSong,1502414352284,4809,DVNO,200,1513844021284,Mozilla/5.0 (Macintosh; Intel Mac OS X 10.9; rv:31.0) Gecko/20100101 Firefox/31.0,1430
Harmonia,Logged In,Cameron,M,3,Dillon,655.77751,free,"Phoenix-Mesa-Scottsdale, AZ",PUT,NextSong,1503794521284,3421,Sehr kosmisch,200,1513844021284,Mozilla/5.0 (Windows NT 6.1; WOW64; rv:31.0) Gecko/20100101 Firefox/31.0,2906
,Logged In,Cameron,M,4,Dillon,,free,"Phoenix-Mesa-Scottsdale, AZ",PUT,Logout,1503794521284,3421,,307,1513844022284,Mozilla/5.0 (Windows NT 6.1; WOW64; rv:31.0) Gecko/20100101 Firefox/31.0,2906
,Logged Out,,,5,,,free,,GET,Home,,3421,,200,1513844026284,,
,Logged Out,,,6,,,free,,PUT,Login,,3421,,307,1513844027284,,
GRANDADDY,Logged In,Carl,M,5,Thomas,183.90159,paid,"Chicago-Naperville-Elgin, IL-IN-WI",PUT,NextSong,1505261144284,4735,Lava Kiss,200,1513844031284,Mozilla/5.0 (Macintosh; Intel Mac OS X 10.9; rv:31.0) Gecko/20100101 Firefox/31.0,1779
Thursday,Logged In,Collin,M,30,Wilcox,250.17424,paid,"Columbus, OH",PUT,NextSong,1510455833284,5623,Signals Over The Air,200,1513844034284,Mozilla/5.0 (Windows NT 6.1; WOW64; rv:31.0) Gecko/20100101 Firefox/31.0,1199
Fito Paez,Logged In,Brody,M,8,Combs,257.09669,paid,"Manchester-Nashua, NH",PUT,NextSong,1493980667284,6787,Por Siete Vidas,200,1513844045284,"\"Mozilla/5.0 (Macintosh; Intel Mac OS X 10_9_2) AppleWebKit/537.36 (KHTML, like Gecko) Chrome/37.0.2062.94 Safari/537.36\"",846
,Logged In,Cameron,M,7,Dillon,,free,"Phoenix-Mesa-Scottsdale, AZ",GET,Home,1503794521284,3421,,200,1513844054284,Mozilla/5.0 (Windows NT 6.1; WOW64; rv:31.0) Gecko/20100101 Firefox/31.0,2906
Lila Downs,Logged In,Payton,F,73,Orozco,165.48526,paid,"Houston-The Woodlands-Sugar Land, TX",PUT,NextSong,1485260664284,1775,La Tequilera,200,1513844074284,"\"Mozilla/5.0 (Windows NT 6.1; WOW64) AppleWebKit/537.36 (KHTML, like Gecko) Chrome/36.0.1985.125 Safari/537.36\"",1776
Nas,Logged In,Jason,M,16,Nelson,214.38649,paid,"St. Louis, MO-IL",PUT,NextSong,1494770756284,6890,Dance,200,1513844083284,Mozilla/5.0 (Windows NT 6.1; WOW64; rv:31.0) Gecko/20100101 Firefox/31.0,316
,Logged In,Olivia,F,2,Smith,,free,"Gloversville, NY",GET,Home,1501826320284,5281,,200,1513844086284,"\"Mozilla/5.0 (Windows NT 6.1; WOW64) AppleWebKit/537.36 (KHTML, like Gecko) Chrome/36.0.1985.143 Safari/537.36\"",896
Eisley,Logged In,Melody,F,84,Williams,239.22893,paid,"Austin-Round Rock, TX",PUT,NextSong,1509202309284,5562,Ten Cent Blues (Album Version),200,1513844104284,Mozilla/5.0 (Windows NT 6.3; WOW64; rv:31.0) Gecko/20100101 Firefox/31.0,2359
,Logged Out,,,5,,,free,,GET,About,,4847,,200,1513844116284,,
Terra Samba,Logged In,Enrique,M,161,Miller,205.11302,paid,"Chicago-Naperville-Elgin, IL-IN-WI",PUT,NextSong,1500182660284,6740,Na Manteiga,200,1513844118284,"\"Mozilla/5.0 (Windows NT 6.1; WOW64) AppleWebKit/537.36 (KHTML, like Gecko) Chrome/36.0.1985.125 Safari/537.36\"",58
,Logged In,Abegail,F,0,Wright,,paid,"Champaign-Urbana, IL",GET,Home,1491414024284,5576,,200,1513844160284,Mozilla/5.0 (Macintosh; Intel Mac OS X 10.6; rv:31.0) Gecko/20100101 Firefox/31.0,974
Modern Talking,Logged In,Aliana,F,2,Wilson,278.46485,free,"Portland-South Portland, ME",PUT,NextSong,1505412526284,4369,I'll Never Fall In Love Again,200,1513844168284,"\"Mozilla/5.0 (iPad; CPU OS 7_1_2 like Mac OS X) AppleWebKit/537.51.2 (KHTML, like Gecko) Version/7.0 Mobile/11D257 Safari/9537.53\"",1786
Los Fabulosos Cadillacs,Logged In,Brandon,M,0,Robinson,275.69587,free,"Chicago-Naperville-Elgin, IL-IN-WI",PUT,NextSong,1505651601284,5426,Siguiendo La Luna,200,1513844189284,"\"Mozilla/5.0 (Macintosh; Intel Mac OS X 10_6_8) AppleWebKit/537.36 (KHTML, like Gecko) Chrome/36.0.1985.143 Safari/537.36\"",1149
Bloodhound Gang,Logged In,Carl,M,6,Thomas,261.79873,paid,"Chicago-Naperville-Elgin, IL-IN-WI",PUT,NextSong,1505261144284,4735,The Bad Touch,200,1513844214284,Mozilla/5.0 (Macintosh; Intel Mac OS X 10.9; rv:31.0) Gecko/20100101 Firefox/31.0,1779
O.G.C.,Logged In,Abegail,F,1,Wright,290.66404,paid,"Champaign-Urbana, IL",PUT,NextSong,1491414024284,5576,Gunn Clapp,200,1513844216284,Mozilla/5.0 (Macintosh; Intel Mac OS X 10.6; rv:31.0) Gecko/20100101 Firefox/31.0,974
She & Him,Logged In,Jazlean,F,20,Watkins,185.15546,paid,"Washington-Arlington-Alexandria, DC-VA-MD-WV",PUT,NextSong,1501481074284,4421,Change Is Hard,200,1513844230284,Mozilla/5.0 (Windows NT 6.1; Trident/7.0; rv:11.0) like Gecko,1881
Enigma,Logged In,Payton,F,74,Orozco,347.32363,paid,"Houston-The Woodlands-Sugar Land, TX",PUT,NextSong,1485260664284,1775,Following The Sun (Album Version),200,1513844239284,"\"Mozilla/5.0 (Windows NT 6.1; WOW64) AppleWebKit/537.36 (KHTML, like Gecko) Chrome/36.0.1985.125 Safari/537.36\"",1776
,Logged Out,,,6,,,free,,GET,Home,,4847,,200,1513844251284,,
Opeth,Logged In,Olivia,F,4,Hoffman,358.60853,paid,"Detroit-Warren-Dearborn, MI",PUT,NextSong,1502414352284,4809,Harvest,200,1513844257284,Mozilla/5.0 (Macintosh; Intel Mac OS X 10.9; rv:31.0) Gecko/20100101 Firefox/31.0,1430
Gin Blossoms,Logged In,Landan,M,44,Thompson,235.44118,paid,"Denver-Aurora-Lakewood, CO",PUT,NextSong,1507118210284,7006,Hey Jealousy,200,1513844270284,"\"Mozilla/5.0 (Macintosh; Intel Mac OS X 10_9_4) AppleWebKit/537.36 (KHTML, like Gecko) Chrome/36.0.1985.125 Safari/537.36\"",649
Randy Crawford,Logged In,John,M,1,Black,270.75873,free,"Seattle-Tacoma-Bellevue, WA",PUT,NextSong,1506233379284,6268,Almaz,200,1513844271284,"\"Mozilla/5.0 (Windows NT 6.1; WOW64) AppleWebKit/537.36 (KHTML, like Gecko) Chrome/36.0.1985.143 Safari/537.36\"",2038
Girl Talk,Logged In,Collin,M,31,Wilcox,113.84118,paid,"Columbus, OH",PUT,NextSong,1510455833284,5623,Hand Clap,200,1513844284284,Mozilla/5.0 (Windows NT 6.1; WOW64; rv:31.0) Gecko/20100101 Firefox/31.0,1199
,Logged Out,,,7,,,free,,GET,About,,4847,,200,1513844295284,,
,Logged Out,,,8,,,free,,PUT,Login,,4847,,307,1513844296284,,
Regina Spektor,Logged In,Jason,M,17,Nelson,234.94485,paid,"St. Louis, MO-IL",PUT,NextSong,1494770756284,6890,The Flowers (Album Version),200,1513844297284,Mozilla/5.0 (Windows NT 6.1; WOW64; rv:31.0) Gecko/20100101 Firefox/31.0,316
Diam's,Logged In,Brody,M,9,Combs,237.08689,paid,"Manchester-Nashua, NH",PUT,NextSong,1493980667284,6787,Tu T'imagines,200,1513844302284,"\"Mozilla/5.0 (Macintosh; Intel Mac OS X 10_9_2) AppleWebKit/537.36 (KHTML, like Gecko) Chrome/37.0.2062.94 Safari/537.36\"",846
Coldplay,Logged In,Jason,M,2,Avila,228.77995,free,"New York-Newark-Jersey City, NY-NJ-PA",PUT,NextSong,1507366707284,6537,In My Place,200,1513844314284,"\"Mozilla/5.0 (Windows NT 6.1; WOW64) AppleWebKit/537.36 (KHTML, like Gecko) Chrome/36.0.1985.143 Safari/537.36\"",926
Hybrid,Logged In,Enrique,M,162,Miller,487.47057,paid,"Chicago-Naperville-Elgin, IL-IN-WI",PUT,NextSong,1500182660284,6740,Last Man Standing,200,1513844323284,"\"Mozilla/5.0 (Windows NT 6.1; WOW64) AppleWebKit/537.36 (KHTML, like Gecko) Chrome/36.0.1985.125 Safari/537.36\"",58
Elton John,Logged In,Melody,F,85,Williams,249.15546,paid,"Austin-Round Rock, TX",PUT,NextSong,1509202309284,5562,Sad Songs (Say So Much),200,1513844343284,Mozilla/5.0 (Windows NT 6.3; WOW64; rv:31.0) Gecko/20100101 Firefox/31.0,2359
,Logged In,Irving,M,0,Smith,,free,"Orlando-Kissimmee-Sanford, FL",GET,Home,1511422603284,7126,,200,1513844391284,"\"Mozilla/5.0 (Macintosh; Intel Mac OS X 10_9_4) AppleWebKit/537.36 (KHTML, like Gecko) Chrome/37.0.2062.94 Safari/537.36\"",387
Eric Prydz,Logged In,Irving,M,1,Smith,157.02159,free,"Orlando-Kissimmee-Sanford, FL",PUT,NextSong,1511422603284,7126,Pjanoo,200,1513844395284,"\"Mozilla/5.0 (Macintosh; Intel Mac OS X 10_9_4) AppleWebKit/537.36 (KHTML, like Gecko) Chrome/37.0.2062.94 Safari/537.36\"",387
The Black Keys,Logged In,Collin,M,32,Wilcox,191.76444,paid,"Columbus, OH",PUT,NextSong,1510455833284,5623,Howlin For You,200,1513844397284,Mozilla/5.0 (Windows NT 6.1; WOW64; rv:31.0) Gecko/20100101 Firefox/31.0,1199
Superfamily,Logged In,Jazlean,F,21,Watkins,231.23546,paid,"Washington-Arlington-Alexandria, DC-VA-MD-WV",PUT,NextSong,1501481074284,4421,Been Such A Long Time,200,1513844415284,Mozilla/5.0 (Windows NT 6.1; Trident/7.0; rv:11.0) like Gecko,1881
Yma Sumac,Logged In,Cambria,F,2,Pugh,160.80934,free,"New York-Newark-Jersey City, NY-NJ-PA",PUT,NextSong,1500120434284,6088,Monos (Monkeys) (1999 Digital Remaster),200,1513844419284,"\"Mozilla/5.0 (Macintosh; Intel Mac OS X 10_9_4) AppleWebKit/537.36 (KHTML, like Gecko) Chrome/36.0.1985.143 Safari/537.36\"",1094
,Logged In,Cambria,F,3,Pugh,,free,"New York-Newark-Jersey City, NY-NJ-PA",GET,About,1500120434284,6088,,200,1513844431284,"\"Mozilla/5.0 (Macintosh; Intel Mac OS X 10_9_4) AppleWebKit/537.36 (KHTML, like Gecko) Chrome/36.0.1985.143 Safari/537.36\"",1094
Crystal Castles,Logged In,Aliana,F,3,Wilson,175.51628,free,"Portland-South Portland, ME",PUT,NextSong,1505412526284,4369,Good Time,200,1513844446284,"\"Mozilla/5.0 (iPad; CPU OS 7_1_2 like Mac OS X) AppleWebKit/537.51.2 (KHTML, like Gecko) Version/7.0 Mobile/11D257 Safari/9537.53\"",1786
Soundgarden,Logged In,Brandon,M,1,Robinson,251.81995,free,"Chicago-Naperville-Elgin, IL-IN-WI",PUT,NextSong,1505651601284,5426,Pretty Noose,200,1513844464284,"\"Mozilla/5.0 (Macintosh; Intel Mac OS X 10_6_8) AppleWebKit/537.36 (KHTML, like Gecko) Chrome/36.0.1985.143 Safari/537.36\"",1149
Pussycat,Logged In,Carl,M,7,Thomas,250.72281,paid,"Chicago-Naperville-Elgin, IL-IN-WI",PUT,NextSong,1505261144284,4735,Blue Lights In My Eyes,200,1513844475284,Mozilla/5.0 (Macintosh; Intel Mac OS X 10.9; rv:31.0) Gecko/20100101 Firefox/31.0,1779
,Logged In,Andrew,M,9,Cox,,free,"Charlotte-Concord-Gastonia, NC-SC",GET,Home,1512665406284,4847,,200,1513844494284,Mozilla/5.0 (Windows NT 6.1; WOW64; Trident/7.0; rv:11.0) like Gecko,2694
Disturbed,Logged In,Oscar,M,56,Stafford,257.82812,paid,"New York-Newark-Jersey City, NY-NJ-PA",PUT,NextSong,1511648169284,5431,Shout (Album Version),200,1513844498284,Mozilla/5.0 (Macintosh; Intel Mac OS X 10.6; rv:31.0) Gecko/20100101 Firefox/31.0,1107
Weeping Tile,Logged In,Landan,M,45,Thompson,242.83383,paid,"Denver-Aurora-Lakewood, CO",PUT,NextSong,1507118210284,7006,I Repeat,200,1513844505284,"\"Mozilla/5.0 (Macintosh; Intel Mac OS X 10_9_4) AppleWebKit/537.36 (KHTML, like Gecko) Chrome/36.0.1985.125 Safari/537.36\"",649
Evergreen Terrace,Logged In,Abegail,F,2,Wright,202.47465,paid,"Champaign-Urbana, IL",PUT,NextSong,1491414024284,5576,Sweet Nothings Gone Forever,200,1513844506284,Mozilla/5.0 (Macintosh; Intel Mac OS X 10.6; rv:31.0) Gecko/20100101 Firefox/31.0,974
Finley,Logged In,Jason,M,18,Nelson,260.15302,paid,"St. Louis, MO-IL",PUT,NextSong,1494770756284,6890,Qui Per Voi,200,1513844531284,Mozilla/5.0 (Windows NT 6.1; WOW64; rv:31.0) Gecko/20100101 Firefox/31.0,316
Yann Tiersen,Logged In,Brody,M,10,Combs,255.242,paid,"Manchester-Nashua, NH",PUT,NextSong,1493980667284,6787,La Dispute,200,1513844539284,"\"Mozilla/5.0 (Macintosh; Intel Mac OS X 10_9_2) AppleWebKit/537.36 (KHTML, like Gecko) Chrome/37.0.2062.94 Safari/537.36\"",846
Wisin & Yandel / Ja Rule,Logged In,John,M,2,Black,211.1473,free,"Seattle-Tacoma-Bellevue, WA",PUT,NextSong,1506233379284,6268,Rakata,200,1513844541284,"\"Mozilla/5.0 (Windows NT 6.1; WOW64) AppleWebKit/537.36 (KHTML, like Gecko) Chrome/36.0.1985.143 Safari/537.36\"",2038
Jason Michael Carroll,Logged In,Irving,M,2,Smith,275.98322,free,"Orlando-Kissimmee-Sanford, FL",PUT,NextSong,1511422603284,7126,Where I'm From,200,1513844552284,"\"Mozilla/5.0 (Macintosh; Intel Mac OS X 10_9_4) AppleWebKit/537.36 (KHTML, like Gecko) Chrome/37.0.2062.94 Safari/537.36\"",387
Tab Benoit,Logged In,Payton,F,75,Orozco,221.09995,paid,"Houston-The Woodlands-Sugar Land, TX",PUT,NextSong,1485260664284,1775,Jambalaya,200,1513844586284,"\"Mozilla/5.0 (Windows NT 6.1; WOW64) AppleWebKit/537.36 (KHTML, like Gecko) Chrome/36.0.1985.125 Safari/537.36\"",1776
Eminem / Dr. Dre / 50 Cent,Logged In,Collin,M,33,Wilcox,297.56036,paid,"Columbus, OH",PUT,NextSong,1510455833284,5623,Crack A Bottle,200,1513844588284,Mozilla/5.0 (Windows NT 6.1; WOW64; rv:31.0) Gecko/20100101 Firefox/31.0,1199
,Logged In,Brennan,M,0,Oliver,,free,"Houston-The Woodlands-Sugar Land, TX",GET,Home,1488751398284,6775,,200,1513844589284,"\"Mozilla/5.0 (Macintosh; Intel Mac OS X 10_9_4) AppleWebKit/537.78.2 (KHTML, like Gecko) Version/7.0.6 Safari/537.78.2\"",2117
Train,Logged In,Melody,F,86,Williams,216.76363,paid,"Austin-Round Rock, TX",PUT,NextSong,1509202309284,5562,Hey_ Soul Sister,200,1513844592284,Mozilla/5.0 (Windows NT 6.3; WOW64; rv:31.0) Gecko/20100101 Firefox/31.0,2359
David Bowie,Logged In,Olivia,F,5,Hoffman,193.88036,paid,"Detroit-Warren-Dearborn, MI",PUT,NextSong,1502414352284,4809,Oh! You Pretty Things (1997 Digital Remaster),200,1513844615284,Mozilla/5.0 (Macintosh; Intel Mac OS X 10.9; rv:31.0) Gecko/20100101 Firefox/31.0,1430
Alicia Keys,Logged In,Aliana,F,4,Wilson,275.04281,free,"Portland-South Portland, ME",PUT,NextSong,1505412526284,4369,Doesn't Mean Anything,200,1513844621284,"\"Mozilla/5.0 (iPad; CPU OS 7_1_2 like Mac OS X) AppleWebKit/537.51.2 (KHTML, like Gecko) Version/7.0 Mobile/11D257 Safari/9537.53\"",1786
Tally Hall,Logged In,Jazlean,F,22,Watkins,223.4771,paid,"Washington-Arlington-Alexandria, DC-VA-MD-WV",PUT,NextSong,1501481074284,4421,Greener (Album Version),200,1513844646284,Mozilla/5.0 (Windows NT 6.1; Trident/7.0; rv:11.0) like Gecko,1881
the bird and the bee,Logged In,Brennan,M,1,Oliver,234.57914,free,"Houston-The Woodlands-Sugar Land, TX",PUT,NextSong,1488751398284,6775,Witch,200,1513844673284,"\"Mozilla/5.0 (Macintosh; Intel Mac OS X 10_9_4) AppleWebKit/537.78.2 (KHTML, like Gecko) Version/7.0.6 Safari/537.78.2\"",2117
Jimmy McGriff,Logged In,Abegail,F,3,Wright,225.56689,paid,"Champaign-Urbana, IL",PUT,NextSong,1491414024284,5576,"Take The \"A\" Train",200,1513844708284,Mozilla/5.0 (Macintosh; Intel Mac OS X 10.6; rv:31.0) Gecko/20100101 Firefox/31.0,974
Ryan Adams & The Cardinals,Logged In,Carl,M,8,Thomas,222.30159,paid,"Chicago-Naperville-Elgin, IL-IN-WI",PUT,NextSong,1505261144284,4735,Peaceful Valley,200,1513844725284,Mozilla/5.0 (Macintosh; Intel Mac OS X 10.9; rv:31.0) Gecko/20100101 Firefox/31.0,1779
,Logged In,Connar,M,0,Moreno,,free,"Houston-The Woodlands-Sugar Land, TX",GET,Home,1505372402284,60,,200,1513844739284,"\"Mozilla/5.0 (Macintosh; Intel Mac OS X 10_10) AppleWebKit/538.46 (KHTML, like Gecko) Version/8.0 Safari/538.46\"",61
Thunderstone,Logged In,Landan,M,46,Thompson,317.07383,paid,"Denver-Aurora-Lakewood, CO",PUT,NextSong,1507118210284,7006,Spread My Wings,200,1513844747284,"\"Mozilla/5.0 (Macintosh; Intel Mac OS X 10_9_4) AppleWebKit/537.36 (KHTML, like Gecko) Chrome/36.0.1985.125 Safari/537.36\"",649
Brazilian Girls,Logged In,John,M,3,Black,278.49098,free,"Seattle-Tacoma-Bellevue, WA",PUT,NextSong,1506233379284,6268,Dance Till The Morning Sun,200,1513844752284,"\"Mozilla/5.0 (Windows NT 6.1; WOW64) AppleWebKit/537.36 (KHTML, like Gecko) Chrome/36.0.1985.143 Safari/537.36\"",2038
Mastodon,Logged In,Oscar,M,57,Stafford,783.33342,paid,"New York-Newark-Jersey City, NY-NJ-PA",PUT,NextSong,1511648169284,5431,The Last Baron [Score],200,1513844755284,Mozilla/5.0 (Macintosh; Intel Mac OS X 10.6; rv:31.0) Gecko/20100101 Firefox/31.0,1107
Triana,Logged In,Connar,M,1,Moreno,202.55302,free,"Houston-The Woodlands-Sugar Land, TX",PUT,NextSong,1505372402284,60,Rumor,200,1513844777284,"\"Mozilla/5.0 (Macintosh; Intel Mac OS X 10_10) AppleWebKit/538.46 (KHTML, like Gecko) Version/8.0 Safari/538.46\"",61
,Logged In,Ava,F,0,Hawkins,,free,"Tuscaloosa, AL",GET,Home,1511943101284,1367,,200,1513844788284,"\"Mozilla/5.0 (Macintosh; Intel Mac OS X 10_9_4) AppleWebKit/537.36 (KHTML, like Gecko) Chrome/36.0.1985.143 Safari/537.36\"",1368
Kanye West,Logged In,Jason,M,19,Nelson,237.47873,paid,"St. Louis, MO-IL",PUT,NextSong,1494770756284,6890,Flashing Lights,200,1513844791284,Mozilla/5.0 (Windows NT 6.1; WOW64; rv:31.0) Gecko/20100101 Firefox/31.0,316
Amos Lee,Logged In,Payton,F,76,Orozco,210.28526,paid,"Houston-The Woodlands-Sugar Land, TX",PUT,NextSong,1485260664284,1775,Black River,200,1513844807284,"\"Mozilla/5.0 (Windows NT 6.1; WOW64) AppleWebKit/537.36 (KHTML, like Gecko) Chrome/36.0.1985.125 Safari/537.36\"",1776
Elvenking,Logged In,Olivia,F,6,Hoffman,336.3522,paid,"Detroit-Warren-Dearborn, MI",PUT,NextSong,1502414352284,4809,The Scythe,200,1513844808284,Mozilla/5.0 (Macintosh; Intel Mac OS X 10.9; rv:31.0) Gecko/20100101 Firefox/31.0,1430
Billy Talent,Logged In,Enrique,M,163,Miller,392.04526,paid,"Chicago-Naperville-Elgin, IL-IN-WI",PUT,NextSong,1500182660284,6740,Try Honesty,200,1513844810284,"\"Mozilla/5.0 (Windows NT 6.1; WOW64) AppleWebKit/537.36 (KHTML, like Gecko) Chrome/36.0.1985.125 Safari/537.36\"",58
,Logged In,Brennan,M,2,Oliver,,free,"Houston-The Woodlands-Sugar Land, TX",GET,Error,1488751398284,6775,,404,1513844848284,"\"Mozilla/5.0 (Macintosh; Intel Mac OS X 10_9_4) AppleWebKit/537.78.2 (KHTML, like Gecko) Version/7.0.6 Safari/537.78.2\"",2117
Burt Bacharach,Logged In,Ava,F,1,Hawkins,192.10404,free,"Tuscaloosa, AL",PUT,NextSong,1511943101284,1367,I'll Never Fall In Love Again,200,1513844857284,"\"Mozilla/5.0 (Macintosh; Intel Mac OS X 10_9_4) AppleWebKit/537.36 (KHTML, like Gecko) Chrome/36.0.1985.143 Safari/537.36\"",1368
,Logged In,Ava,F,2,Hawkins,,free,"Tuscaloosa, AL",PUT,Logout,1511943101284,1367,,307,1513844858284,"\"Mozilla/5.0 (Macintosh; Intel Mac OS X 10_9_4) AppleWebKit/537.36 (KHTML, like Gecko) Chrome/36.0.1985.143 Safari/537.36\"",1368
Flo Rida,Logged In,Jazlean,F,23,Watkins,208.92689,paid,"Washington-Arlington-Alexandria, DC-VA-MD-WV",PUT,NextSong,1501481074284,4421,Jump [feat. Nelly Furtado] (Album Version),200,1513844869284,Mozilla/5.0 (Windows NT 6.1; Trident/7.0; rv:11.0) like Gecko,1881
Florence + The Machine,Logged In,Collin,M,34,Wilcox,213.55057,paid,"Columbus, OH",PUT,NextSong,1510455833284,5623,Dog Days Are Over (Demo),200,1513844885284,Mozilla/5.0 (Windows NT 6.1; WOW64; rv:31.0) Gecko/20100101 Firefox/31.0,1199
The Velvet Underground,Logged In,Aliana,F,5,Wilson,202.762,free,"Portland-South Portland, ME",PUT,NextSong,1505412526284,4369,Train Round The Bend (LP Version),200,1513844896284,"\"Mozilla/5.0 (iPad; CPU OS 7_1_2 like Mac OS X) AppleWebKit/537.51.2 (KHTML, like Gecko) Version/7.0 Mobile/11D257 Safari/9537.53\"",1786
Muse,Logged In,Andrew,M,10,Cox,292.28363,free,"Charlotte-Concord-Gastonia, NC-SC",PUT,NextSong,1512665406284,4847,Ruled By Secrecy,200,1513844899284,Mozilla/5.0 (Windows NT 6.1; WOW64; Trident/7.0; rv:11.0) like Gecko,2694
City And Colour,Logged In,Brennan,M,3,Oliver,228.54485,free,"Houston-The Woodlands-Sugar Land, TX",PUT,NextSong,1488751398284,6775,Confessions,200,1513844907284,"\"Mozilla/5.0 (Macintosh; Intel Mac OS X 10_9_4) AppleWebKit/537.78.2 (KHTML, like Gecko) Version/7.0.6 Safari/537.78.2\"",2117
Infected Mushroom,Logged In,Abegail,F,4,Wright,414.58893,paid,"Champaign-Urbana, IL",PUT,NextSong,1491414024284,5576,Chaplin,200,1513844933284,Mozilla/5.0 (Macintosh; Intel Mac OS X 10.6; rv:31.0) Gecko/20100101 Firefox/31.0,974
Darwin Deez,Logged In,Carl,M,9,Thomas,212.4273,paid,"Chicago-Naperville-Elgin, IL-IN-WI",PUT,NextSong,1505261144284,4735,Bed Space,200,1513844947284,Mozilla/5.0 (Macintosh; Intel Mac OS X 10.9; rv:31.0) Gecko/20100101 Firefox/31.0,1779
,Logged In,Carl,M,10,Thomas,,paid,"Chicago-Naperville-Elgin, IL-IN-WI",GET,Home,1505261144284,4735,,200,1513844947284,Mozilla/5.0 (Macintosh; Intel Mac OS X 10.9; rv:31.0) Gecko/20100101 Firefox/31.0,1779
The Advantage,Logged In,Connar,M,2,Moreno,160.96608,free,"Houston-The Woodlands-Sugar Land, TX",PUT,NextSong,1505372402284,60,Metroid - Kraid's Lair,200,1513844979284,"\"Mozilla/5.0 (Macintosh; Intel Mac OS X 10_10) AppleWebKit/538.46 (KHTML, like Gecko) Version/8.0 Safari/538.46\"",61
Juana Molina,Logged In,Kamiya,F,0,Dean,212.32281,free,"Rockford, IL",PUT,NextSong,1508817838284,5568,Rio Seco,200,1513844985284,Mozilla/5.0 (Windows NT 6.1; WOW64; Trident/7.0; rv:11.0) like Gecko,2566
Joshua Radin,Logged In,Payton,F,77,Orozco,172.01587,paid,"Houston-The Woodlands-Sugar Land, TX",PUT,NextSong,1485260664284,1775,You Got Growin' Up To Do [Featuring Patty Griffin],200,1513845017284,"\"Mozilla/5.0 (Windows NT 6.1; WOW64) AppleWebKit/537.36 (KHTML, like Gecko) Chrome/36.0.1985.125 Safari/537.36\"",1776
Crystal Castles,Logged In,Jason,M,20,Nelson,230.08608,paid,"St. Louis, MO-IL",PUT,NextSong,1494770756284,6890,Celestica,200,1513845028284,Mozilla/5.0 (Windows NT 6.1; WOW64; rv:31.0) Gecko/20100101 Firefox/31.0,316
Soweto Gospel Choir,Logged In,John,M,4,Black,178.15465,free,"Seattle-Tacoma-Bellevue, WA",PUT,NextSong,1506233379284,6268,Jerusalem,200,1513845030284,"\"Mozilla/5.0 (Windows NT 6.1; WOW64) AppleWebKit/537.36 (KHTML, like Gecko) Chrome/36.0.1985.143 Safari/537.36\"",2038
,Logged In,Jason,M,21,Nelson,,paid,"St. Louis, MO-IL",GET,Home,1494770756284,6890,,200,1513845053284,Mozilla/5.0 (Windows NT 6.1; WOW64; rv:31.0) Gecko/20100101 Firefox/31.0,316
,Logged Out,,,3,,,free,,GET,Home,,1367,,200,1513845055284,,
,Logged Out,,,4,,,free,,PUT,Login,,1367,,307,1513845056284,,
Ludovico Einaudi & BallakÃÂ© Sissoko,Logged In,Landan,M,47,Thompson,348.29016,paid,"Denver-Aurora-Lakewood, CO",PUT,NextSong,1507118210284,7006,Dessert Dans Le Desert,200,1513845064284,"\"Mozilla/5.0 (Macintosh; Intel Mac OS X 10_9_4) AppleWebKit/537.36 (KHTML, like Gecko) Chrome/36.0.1985.125 Safari/537.36\"",649
Motion City Soundtrack,Logged In,Jazlean,F,24,Watkins,190.58893,paid,"Washington-Arlington-Alexandria, DC-VA-MD-WV",PUT,NextSong,1501481074284,4421,This Is For Real,200,1513845077284,Mozilla/5.0 (Windows NT 6.1; Trident/7.0; rv:11.0) like Gecko,1881
Rick Ross,Logged In,Chandler,M,0,Alexander,252.47302,free,"Greenville-Anderson-Mauldin, SC",PUT,NextSong,1506381074284,6051,Billionaire,200,1513845077284,"\"Mozilla/5.0 (Macintosh; Intel Mac OS X 10_8_5) AppleWebKit/537.36 (KHTML, like Gecko) Chrome/36.0.1985.125 Safari/537.36\"",150
,Logged In,John,M,5,Black,,free,"Seattle-Tacoma-Bellevue, WA",GET,Upgrade,1506233379284,6268,,200,1513845078284,"\"Mozilla/5.0 (Windows NT 6.1; WOW64) AppleWebKit/537.36 (KHTML, like Gecko) Chrome/36.0.1985.143 Safari/537.36\"",2038
Deadmau5 & Kaskade,Logged In,Collin,M,35,Wilcox,595.56526,paid,"Columbus, OH",PUT,NextSong,1510455833284,5623,I Remember,200,1513845098284,Mozilla/5.0 (Windows NT 6.1; WOW64; rv:31.0) Gecko/20100101 Firefox/31.0,1199
,Logged In,Collin,M,36,Wilcox,,paid,"Columbus, OH",PUT,Logout,1510455833284,5623,,307,1513845099284,Mozilla/5.0 (Windows NT 6.1; WOW64; rv:31.0) Gecko/20100101 Firefox/31.0,1199
,Logged In,John,M,6,Black,,free,"Seattle-Tacoma-Bellevue, WA",GET,Home,1506233379284,6268,,200,1513845117284,"\"Mozilla/5.0 (Windows NT 6.1; WOW64) AppleWebKit/537.36 (KHTML, like Gecko) Chrome/36.0.1985.143 Safari/537.36\"",2038
,Logged Out,,,37,,,paid,,GET,Home,,5623,,200,1513845132284,,
Frightened Rabbit,Logged In,Olivia,F,7,Hoffman,72.61995,paid,"Detroit-Warren-Dearborn, MI",PUT,NextSong,1502414352284,4809,Bright Pink Bookmark,200,1513845144284,Mozilla/5.0 (Macintosh; Intel Mac OS X 10.9; rv:31.0) Gecko/20100101 Firefox/31.0,1430
Britney Spears,Logged In,Carl,M,11,Thomas,205.66159,paid,"Chicago-Naperville-Elgin, IL-IN-WI",PUT,NextSong,1505261144284,4735,One Kiss From You,200,1513845159284,Mozilla/5.0 (Macintosh; Intel Mac OS X 10.9; rv:31.0) Gecko/20100101 Firefox/31.0,1779
Vox Dei,Logged In,Payton,F,78,Orozco,398.52363,paid,"Houston-The Woodlands-Sugar Land, TX",PUT,NextSong,1485260664284,1775,Genesis,200,1513845189284,"\"Mozilla/5.0 (Windows NT 6.1; WOW64) AppleWebKit/537.36 (KHTML, like Gecko) Chrome/36.0.1985.125 Safari/537.36\"",1776
Jade,Logged In,Kamiya,F,1,Dean,284.13342,free,"Rockford, IL",PUT,NextSong,1508817838284,5568,Don't Walk Away (Album Version),200,1513845197284,Mozilla/5.0 (Windows NT 6.1; WOW64; Trident/7.0; rv:11.0) like Gecko,2566
Robin Williams,Logged In,John,M,7,Black,104.56771,free,"Seattle-Tacoma-Bellevue, WA",PUT,NextSong,1506233379284,6268,My Way (A Mi Manera) (Album Version),200,1513845208284,"\"Mozilla/5.0 (Windows NT 6.1; WOW64) AppleWebKit/537.36 (KHTML, like Gecko) Chrome/36.0.1985.143 Safari/537.36\"",2038
Enrico Musiani,Logged In,Olivia,F,8,Hoffman,179.30404,paid,"Detroit-Warren-Dearborn, MI",PUT,NextSong,1502414352284,4809,Dolce Infedele,200,1513845216284,Mozilla/5.0 (Macintosh; Intel Mac OS X 10.9; rv:31.0) Gecko/20100101 Firefox/31.0,1430
,Logged In,Kamiya,F,2,Dean,,free,"Rockford, IL",GET,Settings,1508817838284,5568,,200,1513845227284,Mozilla/5.0 (Windows NT 6.1; WOW64; Trident/7.0; rv:11.0) like Gecko,2566
,Logged In,Kamiya,F,3,Dean,,free,"Rockford, IL",PUT,Save Settings,1508817838284,5568,,307,1513845228284,Mozilla/5.0 (Windows NT 6.1; WOW64; Trident/7.0; rv:11.0) like Gecko,2566
Clint Mansell,Logged In,Jason,M,22,Nelson,69.48526,paid,"St. Louis, MO-IL",PUT,NextSong,1494770756284,6890,You Have No Grace,200,1513845258284,Mozilla/5.0 (Windows NT 6.1; WOW64; rv:31.0) Gecko/20100101 Firefox/31.0,316
Godsmack,Logged In,Jazlean,F,25,Watkins,392.59383,paid,"Washington-Arlington-Alexandria, DC-VA-MD-WV",PUT,NextSong,1501481074284,4421,What If?,200,1513845267284,Mozilla/5.0 (Windows NT 6.1; Trident/7.0; rv:11.0) like Gecko,1881
Crosby_ Stills_ Nash and Young,Logged In,John,M,8,Black,96.10404,free,"Seattle-Tacoma-Bellevue, WA",PUT,NextSong,1506233379284,6268,Helpless,200,1513845312284,"\"Mozilla/5.0 (Windows NT 6.1; WOW64) AppleWebKit/537.36 (KHTML, like Gecko) Chrome/36.0.1985.143 Safari/537.36\"",2038
Sting,Logged In,Jason,M,23,Nelson,360.85506,paid,"St. Louis, MO-IL",PUT,NextSong,1494770756284,6890,When We Dance,200,1513845327284,Mozilla/5.0 (Windows NT 6.1; WOW64; rv:31.0) Gecko/20100101 Firefox/31.0,316
Ricchi E Poveri,Logged In,Chandler,M,1,Alexander,256.13016,free,"Greenville-Anderson-Mauldin, SC",PUT,NextSong,1506381074284,6051,La Prima Cosa Bella,200,1513845329284,"\"Mozilla/5.0 (Macintosh; Intel Mac OS X 10_8_5) AppleWebKit/537.36 (KHTML, like Gecko) Chrome/36.0.1985.125 Safari/537.36\"",150
,Logged In,Lucas,M,0,Lawson,,free,"Scranton--Wilkes-Barre--Hazleton, PA",GET,Home,1508972403284,2879,,200,1513845341284,"\"Mozilla/5.0 (Windows NT 6.1) AppleWebKit/537.36 (KHTML, like Gecko) Chrome/36.0.1985.143 Safari/537.36\"",2880
Two Loons For Tea,Logged In,Abegail,F,5,Wright,331.17995,paid,"Champaign-Urbana, IL",PUT,NextSong,1491414024284,5576,Emily Dickinson,200,1513845347284,Mozilla/5.0 (Macintosh; Intel Mac OS X 10.6; rv:31.0) Gecko/20100101 Firefox/31.0,974
Tom Petty,Logged In,Carl,M,12,Thomas,309.86404,paid,"Chicago-Naperville-Elgin, IL-IN-WI",PUT,NextSong,1505261144284,4735,Grew Up Fast (Album Version),200,1513845364284,Mozilla/5.0 (Macintosh; Intel Mac OS X 10.9; rv:31.0) Gecko/20100101 Firefox/31.0,1779
,Logged In,Lucas,M,1,Lawson,,free,"Scranton--Wilkes-Barre--Hazleton, PA",GET,Settings,1508972403284,2879,,200,1513845369284,"\"Mozilla/5.0 (Windows NT 6.1) AppleWebKit/537.36 (KHTML, like Gecko) Chrome/36.0.1985.143 Safari/537.36\"",2880
,Logged In,Lucas,M,2,Lawson,,free,"Scranton--Wilkes-Barre--Hazleton, PA",PUT,Save Settings,1508972403284,2879,,307,1513845370284,"\"Mozilla/5.0 (Windows NT 6.1) AppleWebKit/537.36 (KHTML, like Gecko) Chrome/36.0.1985.143 Safari/537.36\"",2880
,Logged In,Ava,F,5,Hawkins,,free,"Tuscaloosa, AL",GET,Home,1511943101284,1367,,200,1513845378284,"\"Mozilla/5.0 (Macintosh; Intel Mac OS X 10_9_4) AppleWebKit/537.36 (KHTML, like Gecko) Chrome/36.0.1985.143 Safari/537.36\"",1368
Eddie Vedder,Logged In,Judson,M,0,Kim,164.17914,paid,"Worcester, MA-CT",PUT,NextSong,1510667861284,7116,Guaranteed,200,1513845389284,"\"Mozilla/5.0 (Windows NT 6.1; WOW64) AppleWebKit/537.36 (KHTML, like Gecko) Chrome/36.0.1985.143 Safari/537.36\"",1103
Sisqo,Logged In,Olivia,F,9,Hoffman,253.49179,paid,"Detroit-Warren-Dearborn, MI",PUT,NextSong,1502414352284,4809,Thong Song,200,1513845395284,Mozilla/5.0 (Macintosh; Intel Mac OS X 10.9; rv:31.0) Gecko/20100101 Firefox/31.0,1430
,Logged In,Lucas,M,3,Lawson,,free,"Scranton--Wilkes-Barre--Hazleton, PA",GET,Home,1508972403284,2879,,200,1513845407284,"\"Mozilla/5.0 (Windows NT 6.1) AppleWebKit/537.36 (KHTML, like Gecko) Chrome/36.0.1985.143 Safari/537.36\"",2880
The Flying Burrito Brothers,Logged In,John,M,9,Black,219.53261,free,"Seattle-Tacoma-Bellevue, WA",PUT,NextSong,1506233379284,6268,Hot Burrito #1,200,1513845408284,"\"Mozilla/5.0 (Windows NT 6.1; WOW64) AppleWebKit/537.36 (KHTML, like Gecko) Chrome/36.0.1985.143 Safari/537.36\"",2038
Travie McCoy,Logged In,Landan,M,48,Thompson,211.12118,paid,"Denver-Aurora-Lakewood, CO",PUT,NextSong,1507118210284,7006,Billionaire [feat. Bruno Mars]  (Explicit Album Version),200,1513845412284,"\"Mozilla/5.0 (Macintosh; Intel Mac OS X 10_9_4) AppleWebKit/537.36 (KHTML, like Gecko) Chrome/36.0.1985.125 Safari/537.36\"",649
Between The Buried And Me,Logged In,Oscar,M,58,Stafford,173.45261,paid,"New York-Newark-Jersey City, NY-NJ-PA",PUT,NextSong,1511648169284,5431,Laser Speed (Album Version),200,1513845538284,Mozilla/5.0 (Macintosh; Intel Mac OS X 10.6; rv:31.0) Gecko/20100101 Firefox/31.0,1107
Cat Stevens,Logged In,Ava,F,6,Hawkins,61.83138,free,"Tuscaloosa, AL",PUT,NextSong,1511943101284,1367,Tea For The Tillerman,200,1513845547284,"\"Mozilla/5.0 (Macintosh; Intel Mac OS X 10_9_4) AppleWebKit/537.36 (KHTML, like Gecko) Chrome/36.0.1985.143 Safari/537.36\"",1368
,Logged In,Ava,F,0,Bennett,,free,"Midland, TX",GET,Home,1498719403284,4776,,200,1513845550284,"\"Mozilla/5.0 (Macintosh; Intel Mac OS X 10_9_4) AppleWebKit/537.36 (KHTML, like Gecko) Chrome/36.0.1985.143 Safari/537.36\"",451
EsbjÃÂ¶rn Svensson Trio,Logged In,Judson,M,1,Kim,333.84444,paid,"Worcester, MA-CT",PUT,NextSong,1510667861284,7116,Somewhere Else Before,200,1513845553284,"\"Mozilla/5.0 (Windows NT 6.1; WOW64) AppleWebKit/537.36 (KHTML, like Gecko) Chrome/36.0.1985.143 Safari/537.36\"",1103
,Logged In,Emireth,F,0,Rodriguez,,free,"Killeen-Temple, TX",GET,Home,1481208032284,5966,,200,1513845566284,"\"Mozilla/5.0 (Macintosh; Intel Mac OS X 10_8_5) AppleWebKit/537.36 (KHTML, like Gecko) Chrome/36.0.1985.143 Safari/537.36\"",446
Inspiral Carpets,Logged In,Ava,F,1,Bennett,194.14159,free,"Midland, TX",PUT,NextSong,1498719403284,4776,This Is How It Feels,200,1513845586284,"\"Mozilla/5.0 (Macintosh; Intel Mac OS X 10_9_4) AppleWebKit/537.36 (KHTML, like Gecko) Chrome/36.0.1985.143 Safari/537.36\"",451
,Logged In,David,M,0,Travis,,free,"Virginia Beach-Norfolk-Newport News, VA-NC",GET,Home,1513110547284,6172,,200,1513845587284,"\"Mozilla/5.0 (Macintosh; Intel Mac OS X 10_9_4) AppleWebKit/537.36 (KHTML, like Gecko) Chrome/37.0.2062.94 Safari/537.36\"",1158
Coldplay,Logged In,Payton,F,79,Orozco,328.14975,paid,"Houston-The Woodlands-Sugar Land, TX",PUT,NextSong,1485260664284,1775,White Shadows,200,1513845587284,"\"Mozilla/5.0 (Windows NT 6.1; WOW64) AppleWebKit/537.36 (KHTML, like Gecko) Chrome/36.0.1985.125 Safari/537.36\"",1776
Ferry Corsten Featuring Guru,Logged In,Emireth,F,1,Rodriguez,157.3873,free,"Killeen-Temple, TX",PUT,NextSong,1481208032284,5966,Junk,200,1513845595284,"\"Mozilla/5.0 (Macintosh; Intel Mac OS X 10_8_5) AppleWebKit/537.36 (KHTML, like Gecko) Chrome/36.0.1985.143 Safari/537.36\"",446
,Logged In,Ailyn,F,0,Hernandez,,free,"Hagerstown-Martinsburg, MD-WV",GET,Home,1511814964284,6179,,200,1513845601284,Mozilla/5.0 (Windows NT 6.1; rv:31.0) Gecko/20100101 Firefox/31.0,1887
,Logged In,Ava,F,2,Bennett,,free,"Midland, TX",GET,Home,1498719403284,4776,,200,1513845603284,"\"Mozilla/5.0 (Macintosh; Intel Mac OS X 10_9_4) AppleWebKit/537.36 (KHTML, like Gecko) Chrome/36.0.1985.143 Safari/537.36\"",451
Anberlin,Logged In,David,M,1,Travis,204.32934,free,"Virginia Beach-Norfolk-Newport News, VA-NC",PUT,NextSong,1513110547284,6172,The Feel Good Drag,200,1513845609284,"\"Mozilla/5.0 (Macintosh; Intel Mac OS X 10_9_4) AppleWebKit/537.36 (KHTML, like Gecko) Chrome/37.0.2062.94 Safari/537.36\"",1158
Dido,Logged In,Landan,M,49,Thompson,240.03873,paid,"Denver-Aurora-Lakewood, CO",PUT,NextSong,1507118210284,7006,White Flag,200,1513845623284,"\"Mozilla/5.0 (Macintosh; Intel Mac OS X 10_9_4) AppleWebKit/537.36 (KHTML, like Gecko) Chrome/36.0.1985.125 Safari/537.36\"",649
Camera Obscura,Logged In,Olivia,F,10,Hoffman,218.69669,paid,"Detroit-Warren-Dearborn, MI",PUT,NextSong,1502414352284,4809,Teenager,200,1513845648284,Mozilla/5.0 (Macintosh; Intel Mac OS X 10.9; rv:31.0) Gecko/20100101 Firefox/31.0,1430
Neil Young,Logged In,Jazlean,F,26,Watkins,189.09995,paid,"Washington-Arlington-Alexandria, DC-VA-MD-WV",PUT,NextSong,1501481074284,4421,Harvest (Remastered Album Version),200,1513845659284,Mozilla/5.0 (Windows NT 6.1; Trident/7.0; rv:11.0) like Gecko,1881
Rick Astley,Logged In,Carl,M,13,Thomas,211.69587,paid,"Chicago-Naperville-Elgin, IL-IN-WI",PUT,NextSong,1505261144284,4735,Never Gonna Give You Up,200,1513845673284,Mozilla/5.0 (Macintosh; Intel Mac OS X 10.9; rv:31.0) Gecko/20100101 Firefox/31.0,1779
Randy Crawford,Logged In,Abegail,F,6,Wright,270.75873,paid,"Champaign-Urbana, IL",PUT,NextSong,1491414024284,5576,Almaz,200,1513845678284,Mozilla/5.0 (Macintosh; Intel Mac OS X 10.6; rv:31.0) Gecko/20100101 Firefox/31.0,974
Placebo,Logged In,Jason,M,24,Nelson,241.52771,paid,"St. Louis, MO-IL",PUT,NextSong,1494770756284,6890,English Summer Rain,200,1513845687284,Mozilla/5.0 (Windows NT 6.1; WOW64; rv:31.0) Gecko/20100101 Firefox/31.0,316
,Logged In,Jason,M,25,Nelson,,paid,"St. Louis, MO-IL",PUT,Logout,1494770756284,6890,,307,1513845688284,Mozilla/5.0 (Windows NT 6.1; WOW64; rv:31.0) Gecko/20100101 Firefox/31.0,316
Usher,Logged In,Oscar,M,59,Stafford,224.10404,paid,"New York-Newark-Jersey City, NY-NJ-PA",PUT,NextSong,1511648169284,5431,Hey Daddy (Daddy's Home),200,1513845711284,Mozilla/5.0 (Macintosh; Intel Mac OS X 10.6; rv:31.0) Gecko/20100101 Firefox/31.0,1107
Silverio,Logged In,Emireth,F,2,Rodriguez,266.4224,free,"Killeen-Temple, TX",PUT,NextSong,1481208032284,5966,Chimpancingo,200,1513845752284,"\"Mozilla/5.0 (Macintosh; Intel Mac OS X 10_8_5) AppleWebKit/537.36 (KHTML, like Gecko) Chrome/36.0.1985.143 Safari/537.36\"",446
,Logged Out,,,26,,,paid,,GET,Home,,6890,,200,1513845761284,,
,Logged In,Caden,M,0,Hall,,free,"Othello, WA",GET,Home,1504516847284,4330,,200,1513845778284,"\"Mozilla/5.0 (Windows NT 6.1; WOW64) AppleWebKit/537.36 (KHTML, like Gecko) Chrome/36.0.1985.125 Safari/537.36\"",2387
Paul & Fritz Kalkbrenner,Logged In,Ava,F,3,Bennett,239.3073,free,"Midland, TX",PUT,NextSong,1498719403284,4776,Sky And Sand,200,1513845780284,"\"Mozilla/5.0 (Macintosh; Intel Mac OS X 10_9_4) AppleWebKit/537.36 (KHTML, like Gecko) Chrome/36.0.1985.143 Safari/537.36\"",451
Phoenix,Logged In,David,M,2,Travis,246.5171,free,"Virginia Beach-Norfolk-Newport News, VA-NC",PUT,NextSong,1513110547284,6172,Fences,200,1513845813284,"\"Mozilla/5.0 (Macintosh; Intel Mac OS X 10_9_4) AppleWebKit/537.36 (KHTML, like Gecko) Chrome/37.0.2062.94 Safari/537.36\"",1158
Johnny Winter,Logged In,Ailyn,F,1,Hernandez,714.37016,free,"Hagerstown-Martinsburg, MD-WV",PUT,NextSong,1511814964284,6179,It's My Own Fault,200,1513845841284,Mozilla/5.0 (Windows NT 6.1; rv:31.0) Gecko/20100101 Firefox/31.0,1887
Tracy Chapman,Logged In,Caden,M,1,Hall,295.96689,free,"Othello, WA",PUT,NextSong,1504516847284,4330,I'm Ready (LP Version),200,1513845846284,"\"Mozilla/5.0 (Windows NT 6.1; WOW64) AppleWebKit/537.36 (KHTML, like Gecko) Chrome/36.0.1985.125 Safari/537.36\"",2387
John Mayer,Logged In,Jazlean,F,27,Watkins,245.60281,paid,"Washington-Arlington-Alexandria, DC-VA-MD-WV",PUT,NextSong,1501481074284,4421,Gravity,200,1513845848284,Mozilla/5.0 (Windows NT 6.1; Trident/7.0; rv:11.0) like Gecko,1881
Mustard Plug,Logged In,Landan,M,50,Thompson,165.90322,paid,"Denver-Aurora-Lakewood, CO",PUT,NextSong,1507118210284,7006,Mr. Smiley,200,1513845863284,"\"Mozilla/5.0 (Macintosh; Intel Mac OS X 10_9_4) AppleWebKit/537.36 (KHTML, like Gecko) Chrome/36.0.1985.125 Safari/537.36\"",649
Tickle Me Pink,Logged In,Olivia,F,11,Hoffman,209.44934,paid,"Detroit-Warren-Dearborn, MI",PUT,NextSong,1502414352284,4809,We're Not Alone,200,1513845866284,Mozilla/5.0 (Macintosh; Intel Mac OS X 10.9; rv:31.0) Gecko/20100101 Firefox/31.0,1430
Les Rita Mitsouko,Logged In,Carl,M,14,Thomas,279.87546,paid,"Chicago-Naperville-Elgin, IL-IN-WI",PUT,NextSong,1505261144284,4735,Y'a D'la Haine,200,1513845884284,Mozilla/5.0 (Macintosh; Intel Mac OS X 10.9; rv:31.0) Gecko/20100101 Firefox/31.0,1779
Randy Crawford,Logged In,Judson,M,2,Kim,270.75873,paid,"Worcester, MA-CT",PUT,NextSong,1510667861284,7116,Almaz,200,1513845886284,"\"Mozilla/5.0 (Windows NT 6.1; WOW64) AppleWebKit/537.36 (KHTML, like Gecko) Chrome/36.0.1985.143 Safari/537.36\"",1103
,Logged Out,,,0,,,free,,PUT,Login,,2966,,307,1513845905284,,
Atlas Sound,Logged In,Payton,F,80,Orozco,174.15791,paid,"Houston-The Woodlands-Sugar Land, TX",PUT,NextSong,1485260664284,1775,Small Horror,200,1513845915284,"\"Mozilla/5.0 (Windows NT 6.1; WOW64) AppleWebKit/537.36 (KHTML, like Gecko) Chrome/36.0.1985.125 Safari/537.36\"",1776
K-OS,Logged In,Oscar,M,60,Stafford,234.1873,paid,"New York-Newark-Jersey City, NY-NJ-PA",PUT,NextSong,1511648169284,5431,Freeze,200,1513845935284,Mozilla/5.0 (Macintosh; Intel Mac OS X 10.6; rv:31.0) Gecko/20100101 Firefox/31.0,1107
,Logged In,Jayden,M,0,Long,,free,"Houston-The Woodlands-Sugar Land, TX",GET,Home,1494362188284,6976,,200,1513845940284,"\"Mozilla/5.0 (Macintosh; Intel Mac OS X 10_9_4) AppleWebKit/537.36 (KHTML, like Gecko) Chrome/36.0.1985.143 Safari/537.36\"",2617
Boston,Logged In,Abegail,F,7,Wright,303.35955,paid,"Champaign-Urbana, IL",PUT,NextSong,1491414024284,5576,Peace Of Mind,200,1513845948284,Mozilla/5.0 (Macintosh; Intel Mac OS X 10.6; rv:31.0) Gecko/20100101 Firefox/31.0,974
The Breeders,Logged In,Emireth,F,3,Rodriguez,135.99302,free,"Killeen-Temple, TX",PUT,NextSong,1481208032284,5966,German Studies,200,1513846018284,"\"Mozilla/5.0 (Macintosh; Intel Mac OS X 10_8_5) AppleWebKit/537.36 (KHTML, like Gecko) Chrome/36.0.1985.143 Safari/537.36\"",446
Escape The Fate,Logged In,Landan,M,51,Thompson,187.8722,paid,"Denver-Aurora-Lakewood, CO",PUT,NextSong,1507118210284,7006,Situations,200,1513846028284,"\"Mozilla/5.0 (Macintosh; Intel Mac OS X 10_9_4) AppleWebKit/537.36 (KHTML, like Gecko) Chrome/36.0.1985.125 Safari/537.36\"",649
Led Zeppelin,Logged In,David,M,3,Travis,190.40608,free,"Virginia Beach-Norfolk-Newport News, VA-NC",PUT,NextSong,1513110547284,6172,Tangerine  (Album Version),200,1513846059284,"\"Mozilla/5.0 (Macintosh; Intel Mac OS X 10_9_4) AppleWebKit/537.36 (KHTML, like Gecko) Chrome/37.0.2062.94 Safari/537.36\"",1158
Sam Cooke,Logged In,Olivia,F,12,Hoffman,122.04363,paid,"Detroit-Warren-Dearborn, MI",PUT,NextSong,1502414352284,4809,Ain't Misbehavin,200,1513846075284,Mozilla/5.0 (Macintosh; Intel Mac OS X 10.9; rv:31.0) Gecko/20100101 Firefox/31.0,1430
Breaking Benjamin,Logged In,Shauna,F,0,Jordan,205.322,free,"Chicago-Naperville-Elgin, IL-IN-WI",PUT,NextSong,1508620039284,4315,Blow Me Away,200,1513846088284,"\"Mozilla/5.0 (Macintosh; Intel Mac OS X 10_9_4) AppleWebKit/537.77.4 (KHTML, like Gecko) Version/7.0.5 Safari/537.77.4\"",1703
Tonic,Logged In,Payton,F,81,Orozco,354.06322,paid,"Houston-The Woodlands-Sugar Land, TX",PUT,NextSong,1485260664284,1775,Let Me Go,200,1513846089284,"\"Mozilla/5.0 (Windows NT 6.1; WOW64) AppleWebKit/537.36 (KHTML, like Gecko) Chrome/36.0.1985.125 Safari/537.36\"",1776
Van Hunt,Logged In,Jazlean,F,28,Watkins,223.73832,paid,"Washington-Arlington-Alexandria, DC-VA-MD-WV",PUT,NextSong,1501481074284,4421,Down Here In Hell (With You) (Urban Edit),200,1513846093284,Mozilla/5.0 (Windows NT 6.1; Trident/7.0; rv:11.0) like Gecko,1881
Four Year Strong,Logged In,Emireth,F,4,Rodriguez,215.87546,free,"Killeen-Temple, TX",PUT,NextSong,1481208032284,5966,Heroes Get Remembered_ Legends Never Die,200,1513846153284,"\"Mozilla/5.0 (Macintosh; Intel Mac OS X 10_8_5) AppleWebKit/537.36 (KHTML, like Gecko) Chrome/36.0.1985.143 Safari/537.36\"",446
Hird,Logged In,Judson,M,3,Kim,372.29669,paid,"Worcester, MA-CT",PUT,NextSong,1510667861284,7116,Keep You Kimi,200,1513846156284,"\"Mozilla/5.0 (Windows NT 6.1; WOW64) AppleWebKit/537.36 (KHTML, like Gecko) Chrome/36.0.1985.143 Safari/537.36\"",1103
Brooks & Dunn,Logged In,Carl,M,15,Thomas,292.88444,paid,"Chicago-Naperville-Elgin, IL-IN-WI",PUT,NextSong,1505261144284,4735,You're Gonna Miss Me When I'm Gone,200,1513846163284,Mozilla/5.0 (Macintosh; Intel Mac OS X 10.9; rv:31.0) Gecko/20100101 Firefox/31.0,1779
Bobby McFerrin,Logged In,Oscar,M,61,Stafford,291.60444,paid,"New York-Newark-Jersey City, NY-NJ-PA",PUT,NextSong,1511648169284,5431,Don't Worry Be Happy,200,1513846169284,Mozilla/5.0 (Macintosh; Intel Mac OS X 10.6; rv:31.0) Gecko/20100101 Firefox/31.0,1107
,Logged In,Steven,M,1,Lee,,free,"Washington-Arlington-Alexandria, DC-VA-MD-WV",GET,Home,1509210258284,2966,,200,1513846174284,"\"Mozilla/5.0 (Macintosh; Intel Mac OS X 10_9_4) AppleWebKit/537.36 (KHTML, like Gecko) Chrome/37.0.2062.94 Safari/537.36\"",2967
Bon Iver,Logged In,Steven,M,2,Lee,329.24689,free,"Washington-Arlington-Alexandria, DC-VA-MD-WV",PUT,NextSong,1509210258284,2966,Blindsided,200,1513846182284,"\"Mozilla/5.0 (Macintosh; Intel Mac OS X 10_9_4) AppleWebKit/537.36 (KHTML, like Gecko) Chrome/37.0.2062.94 Safari/537.36\"",2967
P.O.D.,Logged In,Olivia,F,13,Hoffman,203.7024,paid,"Detroit-Warren-Dearborn, MI",PUT,NextSong,1502414352284,4809,Alive (2006 Remastered Album Version),200,1513846197284,Mozilla/5.0 (Macintosh; Intel Mac OS X 10.9; rv:31.0) Gecko/20100101 Firefox/31.0,1430
Osker,Logged In,Landan,M,52,Thompson,298.10893,paid,"Denver-Aurora-Lakewood, CO",PUT,NextSong,1507118210284,7006,Disconnect_ Disconnect,200,1513846215284,"\"Mozilla/5.0 (Macintosh; Intel Mac OS X 10_9_4) AppleWebKit/537.36 (KHTML, like Gecko) Chrome/36.0.1985.125 Safari/537.36\"",649
,Logged In,Aliya,F,0,Blackburn,,free,"Huntsville, AL",GET,Home,1501249449284,6090,,200,1513846239284,Mozilla/5.0 (Windows NT 6.1; WOW64; rv:31.0) Gecko/20100101 Firefox/31.0,2791
,Logged In,Daxton,M,0,Garrett,,free,"Las Vegas-Henderson-Paradise, NV",GET,Home,1504955182284,6543,,200,1513846240284,Mozilla/5.0 (Windows NT 6.1; WOW64; rv:30.0) Gecko/20100101 Firefox/30.0,282
Avantasia,Logged In,Daxton,M,1,Garrett,299.28444,free,"Las Vegas-Henderson-Paradise, NV",PUT,NextSong,1504955182284,6543,The Story Ain't Over,200,1513846245284,Mozilla/5.0 (Windows NT 6.1; WOW64; rv:30.0) Gecko/20100101 Firefox/30.0,282
matchbox twenty,Logged In,David,M,4,Travis,178.72934,free,"Virginia Beach-Norfolk-Newport News, VA-NC",PUT,NextSong,1513110547284,6172,You're So Real (Album Version),200,1513846249284,"\"Mozilla/5.0 (Macintosh; Intel Mac OS X 10_9_4) AppleWebKit/537.36 (KHTML, like Gecko) Chrome/37.0.2062.94 Safari/537.36\"",1158
UB40,Logged In,Abegail,F,8,Wright,242.15465,paid,"Champaign-Urbana, IL",PUT,NextSong,1491414024284,5576,Here I Am (Come And Take Me),200,1513846251284,Mozilla/5.0 (Macintosh; Intel Mac OS X 10.6; rv:31.0) Gecko/20100101 Firefox/31.0,974
Dropkick Murphys,Logged In,Abigail,F,0,Stokes,212.37506,free,"Memphis, TN-MS-AR",PUT,NextSong,1510074542284,6812,The New American Way (Album Version),200,1513846297284,"\"Mozilla/5.0 (X11; Linux x86_64) AppleWebKit/537.36 (KHTML, like Gecko) Chrome/36.0.1985.143 Safari/537.36\"",1795
Paulina Rubio,Logged In,Jazlean,F,29,Watkins,236.01587,paid,"Washington-Arlington-Alexandria, DC-VA-MD-WV",PUT,NextSong,1501481074284,4421,Hoy Te Deje De Amar (copia),200,1513846316284,Mozilla/5.0 (Windows NT 6.1; Trident/7.0; rv:11.0) like Gecko,1881
A-Ha,Logged In,Emireth,F,5,Rodriguez,277.2371,free,"Killeen-Temple, TX",PUT,NextSong,1481208032284,5966,Touchy! (Album Version),200,1513846368284,"\"Mozilla/5.0 (Macintosh; Intel Mac OS X 10_8_5) AppleWebKit/537.36 (KHTML, like Gecko) Chrome/36.0.1985.143 Safari/537.36\"",446
Bob Weir,Logged In,Olivia,F,14,Hoffman,271.77751,paid,"Detroit-Warren-Dearborn, MI",PUT,NextSong,1502414352284,4809,One More Saturday Night (Album Version),200,1513846400284,Mozilla/5.0 (Macintosh; Intel Mac OS X 10.9; rv:31.0) Gecko/20100101 Firefox/31.0,1430
Goldfinger,Logged In,David,M,5,Travis,203.51955,free,"Virginia Beach-Norfolk-Newport News, VA-NC",PUT,NextSong,1513110547284,6172,San Simeon,200,1513846427284,"\"Mozilla/5.0 (Macintosh; Intel Mac OS X 10_9_4) AppleWebKit/537.36 (KHTML, like Gecko) Chrome/37.0.2062.94 Safari/537.36\"",1158
Dynamite Deluxe,Logged In,Payton,F,82,Orozco,170.57914,paid,"Houston-The Woodlands-Sugar Land, TX",PUT,NextSong,1485260664284,1775,KÃÂ¶nig der LÃÂ¶wen,200,1513846443284,"\"Mozilla/5.0 (Windows NT 6.1; WOW64) AppleWebKit/537.36 (KHTML, like Gecko) Chrome/36.0.1985.125 Safari/537.36\"",1776
Justin Timberlake duet with Beyonce,Logged In,Carl,M,16,Thomas,322.16771,paid,"Chicago-Naperville-Elgin, IL-IN-WI",PUT,NextSong,1505261144284,4735,Until The End Of Time,200,1513846455284,Mozilla/5.0 (Macintosh; Intel Mac OS X 10.9; rv:31.0) Gecko/20100101 Firefox/31.0,1779
Alan Jackson,Logged In,Oscar,M,62,Stafford,236.93016,paid,"New York-Newark-Jersey City, NY-NJ-PA",PUT,NextSong,1511648169284,5431,Chattahoochee,200,1513846460284,Mozilla/5.0 (Macintosh; Intel Mac OS X 10.6; rv:31.0) Gecko/20100101 Firefox/31.0,1107
OneRepublic,Logged In,Ava,F,0,Walker,367.41179,paid,"Springfield, MO",PUT,NextSong,1498732510284,5679,Waking Up,200,1513846472284,"\"Mozilla/5.0 (Windows NT 6.1; WOW64) AppleWebKit/537.36 (KHTML, like Gecko) Chrome/36.0.1985.143 Safari/537.36\"",1915
The Kills,Logged In,Abegail,F,9,Wright,280.13669,paid,"Champaign-Urbana, IL",PUT,NextSong,1491414024284,5576,Superstition,200,1513846493284,Mozilla/5.0 (Macintosh; Intel Mac OS X 10.6; rv:31.0) Gecko/20100101 Firefox/31.0,974
,Logged Out,,,0,,,paid,,GET,Home,,7064,,200,1513846494284,,
Nick Lowe,Logged In,Landan,M,53,Thompson,205.92281,paid,"Denver-Aurora-Lakewood, CO",PUT,NextSong,1507118210284,7006,Cruel To Be Kind,200,1513846513284,"\"Mozilla/5.0 (Macintosh; Intel Mac OS X 10_9_4) AppleWebKit/537.36 (KHTML, like Gecko) Chrome/36.0.1985.125 Safari/537.36\"",649
Del The Funky Homosapien,Logged In,Judson,M,4,Kim,430.62812,paid,"Worcester, MA-CT",PUT,NextSong,1510667861284,7116,Town To Town (produced by Del),200,1513846528284,"\"Mozilla/5.0 (Windows NT 6.1; WOW64) AppleWebKit/537.36 (KHTML, like Gecko) Chrome/36.0.1985.143 Safari/537.36\"",1103
DJ Screw,Logged In,Daxton,M,2,Garrett,210.23302,free,"Las Vegas-Henderson-Paradise, NV",PUT,NextSong,1504955182284,6543,Screwed Up Click [Red Pt 2],200,1513846544284,Mozilla/5.0 (Windows NT 6.1; WOW64; rv:30.0) Gecko/20100101 Firefox/30.0,282
Deerhunter,Logged In,Jazlean,F,30,Watkins,184.47628,paid,"Washington-Arlington-Alexandria, DC-VA-MD-WV",PUT,NextSong,1501481074284,4421,Never Stops,200,1513846552284,Mozilla/5.0 (Windows NT 6.1; Trident/7.0; rv:11.0) like Gecko,1881
Miley Cyrus,Logged In,Payton,F,83,Orozco,202.73587,paid,"Houston-The Woodlands-Sugar Land, TX",PUT,NextSong,1485260664284,1775,Party In The U.S.A.,200,1513846613284,"\"Mozilla/5.0 (Windows NT 6.1; WOW64) AppleWebKit/537.36 (KHTML, like Gecko) Chrome/36.0.1985.125 Safari/537.36\"",1776
Simon Harris,Logged In,Luke,M,0,Guerrero,195.83955,free,"New York-Newark-Jersey City, NY-NJ-PA",PUT,NextSong,1511774702284,6158,Sample Track 2,200,1513846629284,Mozilla/5.0 (Windows NT 6.1; WOW64; Trident/7.0; rv:11.0) like Gecko,2349
Neil Young,Logged In,David,M,6,Travis,352.28689,free,"Virginia Beach-Norfolk-Newport News, VA-NC",PUT,NextSong,1513110547284,6172,Let's Roll (Album Version),200,1513846630284,"\"Mozilla/5.0 (Macintosh; Intel Mac OS X 10_9_4) AppleWebKit/537.36 (KHTML, like Gecko) Chrome/37.0.2062.94 Safari/537.36\"",1158
Soltero,Logged In,Emireth,F,6,Rodriguez,191.7122,free,"Killeen-Temple, TX",PUT,NextSong,1481208032284,5966,Step Through The Door,200,1513846645284,"\"Mozilla/5.0 (Macintosh; Intel Mac OS X 10_8_5) AppleWebKit/537.36 (KHTML, like Gecko) Chrome/36.0.1985.143 Safari/537.36\"",446
,Logged In,Isabelle,F,0,Olsen,,free,"New York-Newark-Jersey City, NY-NJ-PA",GET,Home,1495230699284,638,,200,1513846662284,"\"Mozilla/5.0 (Macintosh; Intel Mac OS X 10_9_4) AppleWebKit/537.36 (KHTML, like Gecko) Chrome/37.0.2062.94 Safari/537.36\"",639
Generation X,Logged In,Olivia,F,15,Hoffman,183.84934,paid,"Detroit-Warren-Dearborn, MI",PUT,NextSong,1502414352284,4809,Rock 'n' Roll,200,1513846671284,Mozilla/5.0 (Macintosh; Intel Mac OS X 10.9; rv:31.0) Gecko/20100101 Firefox/31.0,1430
,Logged In,Olivia,F,16,Hoffman,,paid,"Detroit-Warren-Dearborn, MI",GET,Settings,1502414352284,4809,,200,1513846682284,Mozilla/5.0 (Macintosh; Intel Mac OS X 10.9; rv:31.0) Gecko/20100101 Firefox/31.0,1430
KMC Feat. Dhany,Logged In,Oscar,M,63,Stafford,483.81342,paid,"New York-Newark-Jersey City, NY-NJ-PA",PUT,NextSong,1511648169284,5431,I Feel So Fine,200,1513846696284,Mozilla/5.0 (Macintosh; Intel Mac OS X 10.6; rv:31.0) Gecko/20100101 Firefox/31.0,1107
Wordsworth,Logged In,Landan,M,54,Thompson,253.1522,paid,"Denver-Aurora-Lakewood, CO",PUT,NextSong,1507118210284,7006,Right Now (Produced by Ayatollah),200,1513846718284,"\"Mozilla/5.0 (Macintosh; Intel Mac OS X 10_9_4) AppleWebKit/537.36 (KHTML, like Gecko) Chrome/36.0.1985.125 Safari/537.36\"",649
Robert Johnson,Logged In,Jazlean,F,31,Watkins,154.09587,paid,"Washington-Arlington-Alexandria, DC-VA-MD-WV",PUT,NextSong,1501481074284,4421,I?'m A Steady Rollin? Man,200,1513846736284,Mozilla/5.0 (Windows NT 6.1; Trident/7.0; rv:11.0) like Gecko,1881
311,Logged In,Jordan,M,0,Sanchez,152.0322,free,"Tulsa, OK",PUT,NextSong,1501399974284,6965,Electricity,200,1513846738284,"\"Mozilla/5.0 (Windows NT 6.1; WOW64) AppleWebKit/537.36 (KHTML, like Gecko) Chrome/36.0.1985.143 Safari/537.36\"",2351
Arctic Monkeys,Logged In,Abegail,F,10,Wright,331.20608,paid,"Champaign-Urbana, IL",PUT,NextSong,1491414024284,5576,A Certain Romance,200,1513846773284,Mozilla/5.0 (Macintosh; Intel Mac OS X 10.6; rv:31.0) Gecko/20100101 Firefox/31.0,974
Coldplay,Logged In,Carl,M,17,Thomas,294.1122,paid,"Chicago-Naperville-Elgin, IL-IN-WI",PUT,NextSong,1505261144284,4735,Fix You,200,1513846777284,Mozilla/5.0 (Macintosh; Intel Mac OS X 10.9; rv:31.0) Gecko/20100101 Firefox/31.0,1779
matchbox twenty,Logged In,Payton,F,84,Orozco,302.10567,paid,"Houston-The Woodlands-Sugar Land, TX",PUT,NextSong,1485260664284,1775,Mad Season (LP Version),200,1513846815284,"\"Mozilla/5.0 (Windows NT 6.1; WOW64) AppleWebKit/537.36 (KHTML, like Gecko) Chrome/36.0.1985.125 Safari/537.36\"",1776
Viki Mosholiou,Logged In,Luke,M,1,Guerrero,163.83955,free,"New York-Newark-Jersey City, NY-NJ-PA",PUT,NextSong,1511774702284,6158,To Palikari Sto Sfiri,200,1513846824284,Mozilla/5.0 (Windows NT 6.1; WOW64; Trident/7.0; rv:11.0) like Gecko,2349
Axwell Featuring Max'C,Logged In,Emireth,F,7,Rodriguez,310.77832,free,"Killeen-Temple, TX",PUT,NextSong,1481208032284,5966,I Found U (Vocal Remode),200,1513846836284,"\"Mozilla/5.0 (Macintosh; Intel Mac OS X 10_8_5) AppleWebKit/537.36 (KHTML, like Gecko) Chrome/36.0.1985.143 Safari/537.36\"",446
Afrika Bambaataa & The Soul Sonic Force,Logged In,Ava,F,1,Walker,557.94893,paid,"Springfield, MO",PUT,NextSong,1498732510284,5679,Don't Stop...Planet Rock (In The Pocket Mix) feat. Bambaataa_ Eric Kupper & Mohamed Moretta,200,1513846839284,"\"Mozilla/5.0 (Windows NT 6.1; WOW64) AppleWebKit/537.36 (KHTML, like Gecko) Chrome/36.0.1985.143 Safari/537.36\"",1915
Banaroo,Logged In,Olivia,F,17,Hoffman,228.28363,paid,"Detroit-Warren-Dearborn, MI",PUT,NextSong,1502414352284,4809,Space Cowboy,200,1513846854284,Mozilla/5.0 (Macintosh; Intel Mac OS X 10.9; rv:31.0) Gecko/20100101 Firefox/31.0,1430
Major Organ And The Adding Machine,Logged In,Judson,M,5,Kim,46.05342,paid,"Worcester, MA-CT",PUT,NextSong,1510667861284,7116,Kissing Behind The Rubbery Grinder,200,1513846958284,"\"Mozilla/5.0 (Windows NT 6.1; WOW64) AppleWebKit/537.36 (KHTML, like Gecko) Chrome/36.0.1985.143 Safari/537.36\"",1103
Alice In Chains,Logged In,Landan,M,55,Thompson,255.58159,paid,"Denver-Aurora-Lakewood, CO",PUT,NextSong,1507118210284,7006,No Excuses,200,1513846971284,"\"Mozilla/5.0 (Macintosh; Intel Mac OS X 10_9_4) AppleWebKit/537.36 (KHTML, like Gecko) Chrome/36.0.1985.125 Safari/537.36\"",649
,Logged In,Jazlean,F,32,Watkins,,paid,"Washington-Arlington-Alexandria, DC-VA-MD-WV",GET,Settings,1501481074284,4421,,200,1513847000284,Mozilla/5.0 (Windows NT 6.1; Trident/7.0; rv:11.0) like Gecko,1881
Cat Power,Logged In,Judson,M,6,Kim,236.25098,paid,"Worcester, MA-CT",PUT,NextSong,1510667861284,7116,Good Woman,200,1513847004284,"\"Mozilla/5.0 (Windows NT 6.1; WOW64) AppleWebKit/537.36 (KHTML, like Gecko) Chrome/36.0.1985.143 Safari/537.36\"",1103
Yellowcard,Logged In,Jazlean,F,33,Watkins,180.6624,paid,"Washington-Arlington-Alexandria, DC-VA-MD-WV",PUT,NextSong,1501481074284,4421,Fighting,200,1513847023284,Mozilla/5.0 (Windows NT 6.1; Trident/7.0; rv:11.0) like Gecko,1881
Matt Darey featuring Marcella Woods,Logged In,Carl,M,18,Thomas,194.53342,paid,"Chicago-Naperville-Elgin, IL-IN-WI",PUT,NextSong,1505261144284,4735,U Shine On,200,1513847071284,Mozilla/5.0 (Macintosh; Intel Mac OS X 10.9; rv:31.0) Gecko/20100101 Firefox/31.0,1779
The Solid Doctor,Logged In,Olivia,F,18,Hoffman,419.42159,paid,"Detroit-Warren-Dearborn, MI",PUT,NextSong,1502414352284,4809,Punctus Contra Punctum,200,1513847082284,Mozilla/5.0 (Macintosh; Intel Mac OS X 10.9; rv:31.0) Gecko/20100101 Firefox/31.0,1430
The Turtles,Logged In,Abegail,F,11,Wright,178.62485,paid,"Champaign-Urbana, IL",PUT,NextSong,1491414024284,5576,Me About You,200,1513847104284,Mozilla/5.0 (Macintosh; Intel Mac OS X 10.6; rv:31.0) Gecko/20100101 Firefox/31.0,974
Bajaga & Instruktori,Logged In,Zachary,M,0,Bennett,254.95465,paid,"Winston-Salem, NC",PUT,NextSong,1511134405284,1350,Godine prolaze,200,1513847116284,Mozilla/5.0 (Windows NT 6.1; WOW64; rv:31.0) Gecko/20100101 Firefox/31.0,1351
Killing Joke,Logged In,Payton,F,85,Orozco,281.91302,paid,"Houston-The Woodlands-Sugar Land, TX",PUT,NextSong,1485260664284,1775,Follow the Leaders,200,1513847117284,"\"Mozilla/5.0 (Windows NT 6.1; WOW64) AppleWebKit/537.36 (KHTML, like Gecko) Chrome/36.0.1985.125 Safari/537.36\"",1776
Van Halen,Logged In,Emireth,F,8,Rodriguez,292.33587,free,"Killeen-Temple, TX",PUT,NextSong,1481208032284,5966,Dreams (Remastered Version),200,1513847146284,"\"Mozilla/5.0 (Macintosh; Intel Mac OS X 10_8_5) AppleWebKit/537.36 (KHTML, like Gecko) Chrome/36.0.1985.143 Safari/537.36\"",446
,Logged In,Olivia,F,19,Hoffman,,paid,"Detroit-Warren-Dearborn, MI",GET,Home,1502414352284,4809,,200,1513847165284,Mozilla/5.0 (Macintosh; Intel Mac OS X 10.9; rv:31.0) Gecko/20100101 Firefox/31.0,1430
,Logged In,Jazlean,F,34,Watkins,,paid,"Washington-Arlington-Alexandria, DC-VA-MD-WV",GET,Home,1501481074284,4421,,200,1513847178284,Mozilla/5.0 (Windows NT 6.1; Trident/7.0; rv:11.0) like Gecko,1881
Gene Ammons / Sonny Stitt,Logged In,Oscar,M,64,Stafford,248.55465,paid,"New York-Newark-Jersey City, NY-NJ-PA",PUT,NextSong,1511648169284,5431,Autumn Leaves,200,1513847179284,Mozilla/5.0 (Macintosh; Intel Mac OS X 10.6; rv:31.0) Gecko/20100101 Firefox/31.0,1107
Sa Trincha,Logged In,Brooke,F,0,Jackson,230.89587,free,"New York-Newark-Jersey City, NY-NJ-PA",PUT,NextSong,1510264638284,6008,Live from Heart,200,1513847179284,"\"Mozilla/5.0 (Macintosh; Intel Mac OS X 10_9_4) AppleWebKit/537.77.4 (KHTML, like Gecko) Version/7.0.5 Safari/537.77.4\"",699
T.I.,Logged In,Jazlean,F,35,Watkins,214.77832,paid,"Washington-Arlington-Alexandria, DC-VA-MD-WV",PUT,NextSong,1501481074284,4421,Why You Wanna (Amended Album Version),200,1513847203284,Mozilla/5.0 (Windows NT 6.1; Trident/7.0; rv:11.0) like Gecko,1881
Rebecka TÃÂ¶rnqvist,Logged In,Landan,M,56,Thompson,169.37751,paid,"Denver-Aurora-Lakewood, CO",PUT,NextSong,1507118210284,7006,A Dream,200,1513847226284,"\"Mozilla/5.0 (Macintosh; Intel Mac OS X 10_9_4) AppleWebKit/537.36 (KHTML, like Gecko) Chrome/36.0.1985.125 Safari/537.36\"",649
Team Sleep,Logged In,Judson,M,7,Kim,280.58077,paid,"Worcester, MA-CT",PUT,NextSong,1510667861284,7116,Our Ride To The Rectory (Album Version),200,1513847240284,"\"Mozilla/5.0 (Windows NT 6.1; WOW64) AppleWebKit/537.36 (KHTML, like Gecko) Chrome/36.0.1985.143 Safari/537.36\"",1103
Chris Brown,Logged In,Gillian,F,0,Gonzalez,199.54893,paid,"Indianapolis-Carmel-Anderson, IN",PUT,NextSong,1493059502284,6754,This Christmas,200,1513847253284,"\"Mozilla/5.0 (Macintosh; Intel Mac OS X 10_9_4) AppleWebKit/537.78.2 (KHTML, like Gecko) Version/7.0.6 Safari/537.78.2\"",888
Luis Enrique,Logged In,Carl,M,19,Thomas,258.61179,paid,"Chicago-Naperville-Elgin, IL-IN-WI",PUT,NextSong,1505261144284,4735,Inocencia,200,1513847265284,Mozilla/5.0 (Macintosh; Intel Mac OS X 10.9; rv:31.0) Gecko/20100101 Firefox/31.0,1779
,Logged In,Anderson,M,0,Diaz,,paid,"Lafayette, LA",GET,Home,1502952565284,6563,,200,1513847270284,"\"Mozilla/5.0 (Windows NT 6.1; WOW64) AppleWebKit/537.36 (KHTML, like Gecko) Chrome/36.0.1985.125 Safari/537.36\"",1490
Eagles,Logged In,Abegail,F,12,Wright,536.34567,paid,"Champaign-Urbana, IL",PUT,NextSong,1491414024284,5576,Life's Been Good (Live Version),200,1513847282284,Mozilla/5.0 (Macintosh; Intel Mac OS X 10.6; rv:31.0) Gecko/20100101 Firefox/31.0,974
,Logged In,Brooke,F,1,Jackson,,free,"New York-Newark-Jersey City, NY-NJ-PA",GET,Home,1510264638284,6008,,200,1513847296284,"\"Mozilla/5.0 (Macintosh; Intel Mac OS X 10_9_4) AppleWebKit/537.77.4 (KHTML, like Gecko) Version/7.0.5 Safari/537.77.4\"",699
Alice In Chains,Logged In,Zachary,M,1,Bennett,282.30485,paid,"Winston-Salem, NC",PUT,NextSong,1511134405284,1350,Your Decision,200,1513847370284,Mozilla/5.0 (Windows NT 6.1; WOW64; rv:31.0) Gecko/20100101 Firefox/31.0,1351
The Calling,Logged In,Sidra,F,0,Taylor,208.50893,free,"El Paso, TX",PUT,NextSong,1513481553284,1617,Wherever You Will Go,200,1513847375284,"\"Mozilla/5.0 (Macintosh; Intel Mac OS X 10_9_4) AppleWebKit/537.36 (KHTML, like Gecko) Chrome/36.0.1985.143 Safari/537.36\"",1618
The Devil Wears Prada,Logged In,Anderson,M,1,Diaz,181.08036,paid,"Lafayette, LA",PUT,NextSong,1502952565284,6563,Don't Dink and Drance (Album Version),200,1513847390284,"\"Mozilla/5.0 (Windows NT 6.1; WOW64) AppleWebKit/537.36 (KHTML, like Gecko) Chrome/36.0.1985.125 Safari/537.36\"",1490
Stone Temple Pilots,Logged In,Landan,M,57,Thompson,332.61669,paid,"Denver-Aurora-Lakewood, CO",PUT,NextSong,1507118210284,7006,Creep (LP Version),200,1513847395284,"\"Mozilla/5.0 (Macintosh; Intel Mac OS X 10_9_4) AppleWebKit/537.36 (KHTML, like Gecko) Chrome/36.0.1985.125 Safari/537.36\"",649
Horse Feathers,Logged In,Ava,F,2,Walker,259.68281,paid,"Springfield, MO",PUT,NextSong,1498732510284,5679,Helen,200,1513847396284,"\"Mozilla/5.0 (Windows NT 6.1; WOW64) AppleWebKit/537.36 (KHTML, like Gecko) Chrome/36.0.1985.143 Safari/537.36\"",1915
Despina Vandi,Logged In,Payton,F,86,Orozco,223.89506,paid,"Houston-The Woodlands-Sugar Land, TX",PUT,NextSong,1485260664284,1775,Stamata Na Mou Kollas,200,1513847398284,"\"Mozilla/5.0 (Windows NT 6.1; WOW64) AppleWebKit/537.36 (KHTML, like Gecko) Chrome/36.0.1985.125 Safari/537.36\"",1776
Blue Cheer,Logged In,Brooke,F,2,Jackson,262.50404,free,"New York-Newark-Jersey City, NY-NJ-PA",PUT,NextSong,1510264638284,6008,Rock Me Baby,200,1513847409284,"\"Mozilla/5.0 (Macintosh; Intel Mac OS X 10_9_4) AppleWebKit/537.77.4 (KHTML, like Gecko) Version/7.0.5 Safari/537.77.4\"",699
Ney Matogrosso / Rafael Rabello,Logged In,Jazlean,F,36,Watkins,212.97587,paid,"Washington-Arlington-Alexandria, DC-VA-MD-WV",PUT,NextSong,1501481074284,4421,Balada Do Louco,200,1513847417284,Mozilla/5.0 (Windows NT 6.1; Trident/7.0; rv:11.0) like Gecko,1881
,Logged In,Ava,F,3,Walker,,paid,"Springfield, MO",GET,Error,1498732510284,5679,,404,1513847424284,"\"Mozilla/5.0 (Windows NT 6.1; WOW64) AppleWebKit/537.36 (KHTML, like Gecko) Chrome/36.0.1985.143 Safari/537.36\"",1915
From First to Last,Logged In,Oscar,M,65,Stafford,199.13098,paid,"New York-Newark-Jersey City, NY-NJ-PA",PUT,NextSong,1511648169284,5431,The Latest Plague,200,1513847427284,Mozilla/5.0 (Macintosh; Intel Mac OS X 10.6; rv:31.0) Gecko/20100101 Firefox/31.0,1107
,Logged In,Landan,M,58,Thompson,,paid,"Denver-Aurora-Lakewood, CO",GET,Home,1507118210284,7006,,200,1513847435284,"\"Mozilla/5.0 (Macintosh; Intel Mac OS X 10_9_4) AppleWebKit/537.36 (KHTML, like Gecko) Chrome/36.0.1985.125 Safari/537.36\"",649
Radiohead,Logged In,Emireth,F,9,Rodriguez,233.9522,free,"Killeen-Temple, TX",PUT,NextSong,1481208032284,5966,A Reminder,200,1513847438284,"\"Mozilla/5.0 (Macintosh; Intel Mac OS X 10_8_5) AppleWebKit/537.36 (KHTML, like Gecko) Chrome/36.0.1985.143 Safari/537.36\"",446
Head Automatica,Logged In,Gillian,F,1,Gonzalez,204.12036,paid,"Indianapolis-Carmel-Anderson, IN",PUT,NextSong,1493059502284,6754,Beating Heart Baby (Album Version),200,1513847452284,"\"Mozilla/5.0 (Macintosh; Intel Mac OS X 10_9_4) AppleWebKit/537.78.2 (KHTML, like Gecko) Version/7.0.6 Safari/537.78.2\"",888
,Logged In,Ava,F,4,Walker,,paid,"Springfield, MO",GET,Home,1498732510284,5679,,200,1513847478284,"\"Mozilla/5.0 (Windows NT 6.1; WOW64) AppleWebKit/537.36 (KHTML, like Gecko) Chrome/36.0.1985.143 Safari/537.36\"",1915
Pinback,Logged In,Olivia,F,20,Hoffman,286.56281,paid,"Detroit-Warren-Dearborn, MI",PUT,NextSong,1502414352284,4809,Penelope,200,1513847501284,Mozilla/5.0 (Macintosh; Intel Mac OS X 10.9; rv:31.0) Gecko/20100101 Firefox/31.0,1430
BjÃÂ¶rk,Logged In,Judson,M,8,Kim,348.57751,paid,"Worcester, MA-CT",PUT,NextSong,1510667861284,7116,Undo,200,1513847520284,"\"Mozilla/5.0 (Windows NT 6.1; WOW64) AppleWebKit/537.36 (KHTML, like Gecko) Chrome/36.0.1985.143 Safari/537.36\"",1103
Kid Cudi / MGMT / Ratatat,Logged In,Carl,M,20,Thomas,295.67955,paid,"Chicago-Naperville-Elgin, IL-IN-WI",PUT,NextSong,1505261144284,4735,Pursuit Of Happiness (nightmare),200,1513847523284,Mozilla/5.0 (Macintosh; Intel Mac OS X 10.9; rv:31.0) Gecko/20100101 Firefox/31.0,1779
Habib KoitÃÂ©,Logged In,Payton,F,87,Orozco,220.31628,paid,"Houston-The Woodlands-Sugar Land, TX",PUT,NextSong,1485260664284,1775,Woulaba,200,1513847621284,"\"Mozilla/5.0 (Windows NT 6.1; WOW64) AppleWebKit/537.36 (KHTML, like Gecko) Chrome/36.0.1985.125 Safari/537.36\"",1776
Bill Withers,Logged In,Oscar,M,66,Stafford,383.73832,paid,"New York-Newark-Jersey City, NY-NJ-PA",PUT,NextSong,1511648169284,5431,Make Love To Your Mind,200,1513847626284,Mozilla/5.0 (Macintosh; Intel Mac OS X 10.6; rv:31.0) Gecko/20100101 Firefox/31.0,1107
Sugar Pie DeSanto,Logged In,Jazlean,F,37,Watkins,169.50812,paid,"Washington-Arlington-Alexandria, DC-VA-MD-WV",PUT,NextSong,1501481074284,4421,Soulful Dress,200,1513847629284,Mozilla/5.0 (Windows NT 6.1; Trident/7.0; rv:11.0) like Gecko,1881
Rocio Durcal,Logged In,Zachary,M,2,Bennett,218.8273,paid,"Winston-Salem, NC",PUT,NextSong,1511134405284,1350,Un Mundo Raro,200,1513847652284,Mozilla/5.0 (Windows NT 6.1; WOW64; rv:31.0) Gecko/20100101 Firefox/31.0,1351
Paramore,Logged In,Ava,F,5,Walker,226.95138,paid,"Springfield, MO",PUT,NextSong,1498732510284,5679,Rewind (Demo),200,1513847655284,"\"Mozilla/5.0 (Windows NT 6.1; WOW64) AppleWebKit/537.36 (KHTML, like Gecko) Chrome/36.0.1985.143 Safari/537.36\"",1915
Natiruts,Logged In,Gillian,F,2,Gonzalez,272.03873,paid,"Indianapolis-Carmel-Anderson, IN",PUT,NextSong,1493059502284,6754,Andei SÃÂ³,200,1513847656284,"\"Mozilla/5.0 (Macintosh; Intel Mac OS X 10_9_4) AppleWebKit/537.78.2 (KHTML, like Gecko) Version/7.0.6 Safari/537.78.2\"",888
The Ruts,Logged In,Brooke,F,3,Jackson,338.96444,free,"New York-Newark-Jersey City, NY-NJ-PA",PUT,NextSong,1510264638284,6008,West One (Shine On Me),200,1513847671284,"\"Mozilla/5.0 (Macintosh; Intel Mac OS X 10_9_4) AppleWebKit/537.77.4 (KHTML, like Gecko) Version/7.0.5 Safari/537.77.4\"",699
Jay & The Americans,Logged In,Emireth,F,10,Rodriguez,153.20771,free,"Killeen-Temple, TX",PUT,NextSong,1481208032284,5966,Cara_ Mia,200,1513847671284,"\"Mozilla/5.0 (Macintosh; Intel Mac OS X 10_8_5) AppleWebKit/537.36 (KHTML, like Gecko) Chrome/36.0.1985.143 Safari/537.36\"",446
,Logged In,Daniela,F,0,Erickson,,free,"Detroit-Warren-Dearborn, MI",GET,Home,1504466305284,5329,,200,1513847699284,"\"Mozilla/5.0 (Windows NT 6.1; WOW64) AppleWebKit/537.36 (KHTML, like Gecko) Chrome/36.0.1985.143 Safari/537.36\"",571
Monsters Of Folk,Logged In,Landan,M,59,Thompson,165.90322,paid,"Denver-Aurora-Lakewood, CO",PUT,NextSong,1507118210284,7006,Whole Lotta Losin,200,1513847727284,"\"Mozilla/5.0 (Macintosh; Intel Mac OS X 10_9_4) AppleWebKit/537.36 (KHTML, like Gecko) Chrome/36.0.1985.125 Safari/537.36\"",649
Miranda Lambert,Logged In,Olivia,F,21,Hoffman,247.82322,paid,"Detroit-Warren-Dearborn, MI",PUT,NextSong,1502414352284,4809,Mama_ I'm Alright,200,1513847787284,Mozilla/5.0 (Macintosh; Intel Mac OS X 10.9; rv:31.0) Gecko/20100101 Firefox/31.0,1430
Evanescence,Logged In,Jazlean,F,38,Watkins,237.11302,paid,"Washington-Arlington-Alexandria, DC-VA-MD-WV",PUT,NextSong,1501481074284,4421,Bring Me To Life,200,1513847798284,Mozilla/5.0 (Windows NT 6.1; Trident/7.0; rv:11.0) like Gecko,1881
Godsmack,Logged In,Abegail,F,13,Wright,274.46812,paid,"Champaign-Urbana, IL",PUT,NextSong,1491414024284,5576,Serenity,200,1513847818284,Mozilla/5.0 (Macintosh; Intel Mac OS X 10.6; rv:31.0) Gecko/20100101 Firefox/31.0,974
Charly GarcÃÂ­a,Logged In,Carl,M,21,Thomas,243.87873,paid,"Chicago-Naperville-Elgin, IL-IN-WI",PUT,NextSong,1505261144284,4735,Tu Vicio,200,1513847818284,Mozilla/5.0 (Macintosh; Intel Mac OS X 10.9; rv:31.0) Gecko/20100101 Firefox/31.0,1779
The Octopus Project + Black Moth Super Rainbow,Logged In,Jesus,M,0,Greene,127.11138,free,"Sebring, FL",PUT,NextSong,1513516599284,6924,All the Friends You Can Eat,200,1513847837284,"\"Mozilla/5.0 (Macintosh; Intel Mac OS X 10_9_4) AppleWebKit/537.36 (KHTML, like Gecko) Chrome/36.0.1985.143 Safari/537.36\"",1678
Postal Service,Logged In,Payton,F,88,Orozco,307.53914,paid,"Houston-The Woodlands-Sugar Land, TX",PUT,NextSong,1485260664284,1775,Natural Anthem (Album),200,1513847841284,"\"Mozilla/5.0 (Windows NT 6.1; WOW64) AppleWebKit/537.36 (KHTML, like Gecko) Chrome/36.0.1985.125 Safari/537.36\"",1776
The Academy Is...,Logged In,Judson,M,9,Kim,216.39791,paid,"Worcester, MA-CT",PUT,NextSong,1510667861284,7116,LAX to O'Hare (Album Version),200,1513847868284,"\"Mozilla/5.0 (Windows NT 6.1; WOW64) AppleWebKit/537.36 (KHTML, like Gecko) Chrome/36.0.1985.143 Safari/537.36\"",1103
Matthew Dear,Logged In,Zachary,M,3,Bennett,190.27546,paid,"Winston-Salem, NC",PUT,NextSong,1511134405284,1350,Neighborhoods,200,1513847870284,Mozilla/5.0 (Windows NT 6.1; WOW64; rv:31.0) Gecko/20100101 Firefox/31.0,1351
Kanye West / Mos Def,Logged In,Ava,F,6,Walker,313.28608,paid,"Springfield, MO",PUT,NextSong,1498732510284,5679,Drunk and Hot Girls,200,1513847881284,"\"Mozilla/5.0 (Windows NT 6.1; WOW64) AppleWebKit/537.36 (KHTML, like Gecko) Chrome/36.0.1985.143 Safari/537.36\"",1915
Iron And Wine,Logged In,Landan,M,60,Thompson,153.05098,paid,"Denver-Aurora-Lakewood, CO",PUT,NextSong,1507118210284,7006,Naked As We Can,200,1513847892284,"\"Mozilla/5.0 (Macintosh; Intel Mac OS X 10_9_4) AppleWebKit/537.36 (KHTML, like Gecko) Chrome/36.0.1985.125 Safari/537.36\"",649
James Taylor,Logged In,Gillian,F,3,Gonzalez,120.97261,paid,"Indianapolis-Carmel-Anderson, IN",PUT,NextSong,1493059502284,6754,Oh_ Susannah (LP Version),200,1513847928284,"\"Mozilla/5.0 (Macintosh; Intel Mac OS X 10_9_4) AppleWebKit/537.78.2 (KHTML, like Gecko) Version/7.0.6 Safari/537.78.2\"",888
Muse,Logged In,Jesus,M,1,Greene,297.01179,free,"Sebring, FL",PUT,NextSong,1513516599284,6924,Stockholm Syndrome,200,1513847964284,"\"Mozilla/5.0 (Macintosh; Intel Mac OS X 10_9_4) AppleWebKit/537.36 (KHTML, like Gecko) Chrome/36.0.1985.143 Safari/537.36\"",1678
Justin Bieber,Logged In,Oscar,M,67,Stafford,222.92853,paid,"New York-Newark-Jersey City, NY-NJ-PA",PUT,NextSong,1511648169284,5431,Stuck In The Moment,200,1513848009284,Mozilla/5.0 (Macintosh; Intel Mac OS X 10.6; rv:31.0) Gecko/20100101 Firefox/31.0,1107
Ghost in the Machine,Logged In,Oakley,F,0,Baker,285.23057,free,"Scranton--Wilkes-Barre--Hazleton, PA",PUT,NextSong,1510535258284,7014,Lady Love,200,1513848031284,"\"Mozilla/5.0 (Macintosh; Intel Mac OS X 10_9_4) AppleWebKit/537.36 (KHTML, like Gecko) Chrome/37.0.2062.94 Safari/537.36\"",480
The Lettermen,Logged In,Olivia,F,22,Hoffman,159.42485,paid,"Detroit-Warren-Dearborn, MI",PUT,NextSong,1502414352284,4809,Put Your Head On My Shoulder,200,1513848034284,Mozilla/5.0 (Macintosh; Intel Mac OS X 10.9; rv:31.0) Gecko/20100101 Firefox/31.0,1430
Yann Tiersen,Logged In,Jazlean,F,39,Watkins,47.56853,paid,"Washington-Arlington-Alexandria, DC-VA-MD-WV",PUT,NextSong,1501481074284,4421,Dishes,200,1513848035284,Mozilla/5.0 (Windows NT 6.1; Trident/7.0; rv:11.0) like Gecko,1881
The Van Jets,Logged In,Landan,M,61,Thompson,210.70322,paid,"Denver-Aurora-Lakewood, CO",PUT,NextSong,1507118210284,7006,Matador,200,1513848045284,"\"Mozilla/5.0 (Macintosh; Intel Mac OS X 10_9_4) AppleWebKit/537.36 (KHTML, like Gecko) Chrome/36.0.1985.125 Safari/537.36\"",649
Marc Anthony,Logged In,Gillian,F,4,Gonzalez,305.03138,paid,"Indianapolis-Carmel-Anderson, IN",PUT,NextSong,1493059502284,6754,Hasta Que Te Conoci,200,1513848048284,"\"Mozilla/5.0 (Macintosh; Intel Mac OS X 10_9_4) AppleWebKit/537.78.2 (KHTML, like Gecko) Version/7.0.6 Safari/537.78.2\"",888
Taylor Swift,Logged In,Zachary,M,4,Bennett,245.36771,paid,"Winston-Salem, NC",PUT,NextSong,1511134405284,1350,The Way I Loved You,200,1513848060284,Mozilla/5.0 (Windows NT 6.1; WOW64; rv:31.0) Gecko/20100101 Firefox/31.0,1351
My Chemical Romance,Logged In,Carl,M,22,Thomas,195.52608,paid,"Chicago-Naperville-Elgin, IL-IN-WI",PUT,NextSong,1505261144284,4735,Dead! (Album Version),200,1513848061284,Mozilla/5.0 (Macintosh; Intel Mac OS X 10.9; rv:31.0) Gecko/20100101 Firefox/31.0,1779
Alanis Morissette,Logged In,Jazlean,F,40,Watkins,267.25832,paid,"Washington-Arlington-Alexandria, DC-VA-MD-WV",PUT,NextSong,1501481074284,4421,Head Over Feet (Album Version),200,1513848082284,Mozilla/5.0 (Windows NT 6.1; Trident/7.0; rv:11.0) like Gecko,1881
Milczenie Owiec,Logged In,Judson,M,10,Kim,219.29751,paid,"Worcester, MA-CT",PUT,NextSong,1510667861284,7116,CIEÃÂ,200,1513848084284,"\"Mozilla/5.0 (Windows NT 6.1; WOW64) AppleWebKit/537.36 (KHTML, like Gecko) Chrome/36.0.1985.143 Safari/537.36\"",1103
Maher Shahal Hash Baz,Logged In,Abegail,F,14,Wright,18.85995,paid,"Champaign-Urbana, IL",PUT,NextSong,1491414024284,5576,Iyomanzai,200,1513848092284,Mozilla/5.0 (Macintosh; Intel Mac OS X 10.6; rv:31.0) Gecko/20100101 Firefox/31.0,974
B.o.B,Logged In,Abegail,F,15,Wright,269.63546,paid,"Champaign-Urbana, IL",PUT,NextSong,1491414024284,5576,Nothin' On You [feat. Bruno Mars] (Album Version),200,1513848110284,Mozilla/5.0 (Macintosh; Intel Mac OS X 10.6; rv:31.0) Gecko/20100101 Firefox/31.0,974
The Ruts,Logged In,Payton,F,89,Orozco,338.96444,paid,"Houston-The Woodlands-Sugar Land, TX",PUT,NextSong,1485260664284,1775,West One (Shine On Me),200,1513848148284,"\"Mozilla/5.0 (Windows NT 6.1; WOW64) AppleWebKit/537.36 (KHTML, like Gecko) Chrome/36.0.1985.125 Safari/537.36\"",1776
,Logged In,Nino,M,0,Phillips,,free,"New York-Newark-Jersey City, NY-NJ-PA",GET,Home,1495750633284,360,,200,1513848173284,"\"Mozilla/5.0 (iPhone; CPU iPhone OS 7_1_2 like Mac OS X) AppleWebKit/537.51.2 (KHTML, like Gecko) Version/7.0 Mobile/11D257 Safari/9537.53\"",361
Black Alien,Logged In,Olivia,F,23,Hoffman,240.32608,paid,"Detroit-Warren-Dearborn, MI",PUT,NextSong,1502414352284,4809,From Hell Do CÃÂ©u,200,1513848193284,Mozilla/5.0 (Macintosh; Intel Mac OS X 10.9; rv:31.0) Gecko/20100101 Firefox/31.0,1430
Kings Of Leon,Logged In,Ava,F,7,Walker,201.79546,paid,"Springfield, MO",PUT,NextSong,1498732510284,5679,Revelry,200,1513848194284,"\"Mozilla/5.0 (Windows NT 6.1; WOW64) AppleWebKit/537.36 (KHTML, like Gecko) Chrome/36.0.1985.143 Safari/537.36\"",1915
,Logged In,Carlisle,F,0,Long,,paid,"Trenton, NJ",GET,Home,1504984277284,7144,,200,1513848222284,Mozilla/5.0 (Windows NT 6.3; WOW64; rv:31.0) Gecko/20100101 Firefox/31.0,2481
Vonray,Logged In,Oscar,M,68,Stafford,218.77506,paid,"New York-Newark-Jersey City, NY-NJ-PA",PUT,NextSong,1511648169284,5431,Inside Out (LP Version),200,1513848231284,Mozilla/5.0 (Macintosh; Intel Mac OS X 10.6; rv:31.0) Gecko/20100101 Firefox/31.0,1107
Karsh Kale,Logged In,Landan,M,62,Thompson,311.66649,paid,"Denver-Aurora-Lakewood, CO",PUT,NextSong,1507118210284,7006,Free Fall,200,1513848255284,"\"Mozilla/5.0 (Macintosh; Intel Mac OS X 10_9_4) AppleWebKit/537.36 (KHTML, like Gecko) Chrome/36.0.1985.125 Safari/537.36\"",649
Radiohead,Logged In,Carl,M,23,Thomas,231.91465,paid,"Chicago-Naperville-Elgin, IL-IN-WI",PUT,NextSong,1505261144284,4735,(Nice Dream),200,1513848256284,Mozilla/5.0 (Macintosh; Intel Mac OS X 10.9; rv:31.0) Gecko/20100101 Firefox/31.0,1779
Donald Fagen,Logged In,Cesar,M,0,Johnson,381.09995,paid,"San Antonio-New Braunfels, TX",PUT,NextSong,1513431505284,6789,New Frontier (Album Version),200,1513848289284,"\"Mozilla/5.0 (Windows NT 6.3; WOW64) AppleWebKit/537.36 (KHTML, like Gecko) Chrome/36.0.1985.125 Safari/537.36\"",429
Gym Class Heroes,Logged In,Judson,M,11,Kim,233.45587,paid,"Worcester, MA-CT",PUT,NextSong,1510667861284,7116,Viva La White Girl (Album Version),200,1513848303284,"\"Mozilla/5.0 (Windows NT 6.1; WOW64) AppleWebKit/537.36 (KHTML, like Gecko) Chrome/36.0.1985.143 Safari/537.36\"",1103
Black Eyed Peas,Logged In,Zachary,M,5,Bennett,289.12281,paid,"Winston-Salem, NC",PUT,NextSong,1511134405284,1350,I Gotta Feeling,200,1513848305284,Mozilla/5.0 (Windows NT 6.1; WOW64; rv:31.0) Gecko/20100101 Firefox/31.0,1351
LMFAO,Logged In,Oakley,F,1,Baker,183.74485,free,"Scranton--Wilkes-Barre--Hazleton, PA",PUT,NextSong,1510535258284,7014,Yes,200,1513848316284,"\"Mozilla/5.0 (Macintosh; Intel Mac OS X 10_9_4) AppleWebKit/537.36 (KHTML, like Gecko) Chrome/37.0.2062.94 Safari/537.36\"",480
Led Zeppelin,Logged In,Jazlean,F,41,Watkins,190.40608,paid,"Washington-Arlington-Alexandria, DC-VA-MD-WV",PUT,NextSong,1501481074284,4421,Tangerine  (Album Version),200,1513848349284,Mozilla/5.0 (Windows NT 6.1; Trident/7.0; rv:11.0) like Gecko,1881
